FAOST_CODE,ADM0_CODE,ISO2_CODE,ISO2_WB_CODE,ISO3_CODE,ISO3_WB_CODE,UN_CODE,CRS_CODE,OLD_MOTHER_M49,MOTHER_M49_CODE,MOTHER_FAOST_CODE,CONTINENT_REG,FAO_MACRO_REG,FAO_SUB_REG,FAO_STATUS_INFO,LAB_NAME,ABBR_FAO_NAME,OFFICIAL_FAO_NAME,UNOFFICIAL1_NAME,UNOFFICIAL2_NAME,UN_YEAR_START_INFO,UN_YEAR_END_INFO,FORMER_MEMBER_INFO,COMPOSITION_INFO,FILIPPO_NOTE_INFO,UN_STATUS_INFO,M49,UNSD_WORLD_REG,UNSD_WORLD_REG_CODE,UNSD_MACRO_REG,UNSD_MACRO_REG_CODE,UNSD_SUB_REG,UNSD_SUB_REG_CODE,UNSD_DVDDVG_REG,UNSD_DVDDVG_REG_CODE,UNSD_LDC_REG,UNSD_LLDC_REG,UNSD_SIDS_REG,UNSD_TRANS_REG
2,1,AF,AF,AFG,AFG,4,625,,4,,Asia,Near East,,member,Afghanistan,Afghanistan,the Islamic Republic of Afghanistan,,,1946,,,,,member,YES,World,1,Asia,142,Southern Asia,34,Developing,,Least developed countries,Landlocked developing countries,,
702,2,,,,,,,,,351,Asia,,,areas and territories,Aksai Chin,Aksai Chin,Aksai Chin,,,,,,,administrated by China but claimed by India,areas and territories,NO,Disputed,,,,,,,,,,,
284,,AX,AX,ALA,ALA,248,,284,248,67,Europe,,,areas and territories,�land Islands,�land Islands,�land Islands,,,2003,,,,autonomous region of Finland,areas and territories,YES,World,1,Europe,150,Northern Europe,154,Developed,3333,,,,
3,3,AL,AL,ALB,ALB,8,71,3,8,,Europe,Europe,,member,Albania,Albania,the Republic of Albania,,,1955,,,,,member,YES,World,1,Europe,150,Southern Europe,39,Developed,3333,,,,Transition countries of South-Eastern Europe
4,4,DZ,DZ,DZA,DZA,12,130,4,12,,Africa,Africa,North Africa,member,Algeria,Algeria,the People's Democratic Republic of Algeria,,,1962,,,,,member,YES,World,1,Africa,2,Northern Africa,15,Developing,4444,,,,
5,5,AS,AS,ASM,ASM,16,,5,16,,Oceania,,Pacific Islands,areas and territories,American Samoa,American Samoa,American Samoa,,,,,,,unincorporated territory of United States,areas and territories,YES,World,1,Oceania,9,Polynesia,61,Developing,4444,,,Small island developing States,
4040,,,,,,,,100,356,100,Asia,,,areas and territories,A&N Islands,A&N Islands,Andaman and Nicobar Islands,,,,,,,india,areas and territories,NO,,1,Asia,142,,34,,4444,,,,
6,7,AD,AD,AND,ADO,20,,6,20,,Europe,Europe,,member,Andorra,Andorra,the Principality of Andorra,,,1993,,,,,member,YES,World,1,Europe,150,Southern Europe,39,Developed,3333,,,,
7,8,AO,AO,AGO,AGO,24,225,7,24,,Africa,Africa,,member,Angola,Angola,the Republic of Angola,,,1976,,,,,member,YES,World,1,Africa,2,Middle Africa,17,Developing,4444,Least developed countries,,,
258,9,AI,AI,AIA,AIA,660,376,258,660,229,Americas,,,areas and territories,Anguilla,Anguilla,Anguilla,,,,,,,british overseas territory,areas and territories,YES,World,1,Americas,19,Latin America and the Caribbean,419,Developing,4444,,,Small island developing States,
30,10,AQ,AQ,ATA,ATA,0,,30,0,,Antarctica,,,areas and territories,Antarctica,Antarctica,Antarctica,,,,,,,don't know how to behave,areas and territories,NO,,,,,,,,,,,,
8,11,AG,AG,ATG,ATG,28,377,8,28,,Americas,Latin America and the Caribbean,,member,Antigua and Barbuda,Antigua and Barbuda,Antigua and Barbuda,,,1981,,,,,member,YES,World,1,Americas,19,Latin America and the Caribbean,419,Developing,4444,,,Small island developing States,
9,12,AR,AR,ARG,ARG,32,425,9,32,,Americas,Latin America and the Caribbean,,member,Argentina,Argentina,the Argentine Republic,,,1945,,,,,member,YES,World,1,Americas,19,Latin America and the Caribbean,419,Developing,4444,,,,
1,13,AM,AM,ARM,ARM,51,610,1,51,,Asia,Europe,,member,Armenia,Armenia,the Republic of Armenia,,,1992,,Union of Soviet Socialist Republic,,,member,YES,World,1,Asia,142,Western Asia,145,Developing,4444,,Landlocked developing countries,,Commonwealth of Independent States
22,14,AW,AW,ABW,ABW,533,373,22,533,150,Americas,,,areas and territories,Aruba,Aruba,Aruba,,,1986,,Netherlands Antilles,,country of the Kingdom of the Netherlands,areas and territories,YES,World,1,Americas,19,Latin America and the Caribbean,419,Developing,4444,,,Small island developing States,
704,15,,,,,,,,,100,Asia,,,areas and territories,Arunachal Pradesh,Arunachal Pradesh,Arunachal Pradesh,,,,,,,administrated by India but claimed by China,areas and territories,NO,Disputed,,,,,,,,,,,
,16,,,,,,,,,10,Oceania,,,areas and territories,Ashmore and Cartier Islands,Ashmore and Cartier Islands,Ashmore and Cartier Islands,,,,,,,external territory of Australia,areas and territories,NO,,,,,,,,,,,,
10,17,AU,AU,AUS,AUS,36,801,10,36,,Oceania,Southwest Pacific,,member,Australia,Australia,Australia,,,1945,,,,,member,YES,World,1,Oceania,9,Australia and New Zealand,53,Developed,3333,,,,
11,18,AT,AT,AUT,AUT,40,1,11,40,,Europe,Europe,,member,Austria,Austria,the Republic of Austria,,,1955,,,,,member,YES,World,1,Europe,150,Western Europe,155,Developed,3333,,,,
52,19,AZ,AZ,AZE,AZE,31,611,52,31,,Asia,Europe,Central Asia,member,Azerbaijan,Azerbaijan,the Republic of Azerbaijan,,,1992,,Union of Soviet Socialist Republic,,,member,YES,World,1,Asia,142,Western Asia,145,Developing,4444,,Landlocked developing countries,,Commonwealth of Independent States
12,20,BS,BS,BHS,BHS,44,328,12,44,,Americas,Latin America and the Caribbean,,member,the Bahamas,the Bahamas,the Commonwealth of the Bahamas,Bahamas,,1973,,,,,member,YES,World,1,Americas,19,Latin America and the Caribbean,419,Developing,4444,,,Small island developing States,
13,21,BH,BH,BHR,BHR,48,530,13,48,,Asia,Near East,Gulf Cooperation Council States and Yemen,member,Bahrain,Bahrain,the Kingdom of Bahrain,,,1971,,,,,member,YES,World,1,Asia,142,Western Asia,145,Developing,4444,,,,
,22,,,,,,,,,231,Oceania,,,areas and territories,Baker Island,Baker Island,Baker Island,,,,,,,united states territory,areas and territories,NO,,,,,,,,,,,,
16,23,BD,BD,BGD,BGD,50,666,16,50,,Asia,Asia,,member,Bangladesh,Bangladesh,the People's Republic of Bangladesh,,,1974,,,,,member,YES,World,1,Asia,142,Southern Asia,34,Developing,4444,Least developed countries,,,
14,24,BB,BB,BRB,BRB,52,329,14,52,,Americas,Latin America and the Caribbean,,member,Barbados,Barbados,Barbados,,,1966,,,,,member,YES,World,1,Americas,19,Latin America and the Caribbean,419,Developing,4444,,,Small island developing States,
,25,,,,,,,,,68,Africa,,,areas and territories,Bassas da India,Bassas da India,Bassas da India,,,,,,,part of the French Southern and Antarctic Lands but claimed by Madagascar,areas and territories,NO,Disputed,,,,,,,,,,,
57,26,BY,BY,BLR,BLR,112,86,57,112,,Europe,Europe,,member,Belarus,Belarus,the Republic of Belarus,,,1992,,Union of Soviet Socialist Republic,,,member,YES,World,1,Europe,150,Eastern Europe,151,Developed,3333,,,,
255,27,BE,BE,BEL,BEL,56,2,255,56,,Europe,Europe,,member,Belgium,Belgium,the Kingdom of Belgium,,,1945,,Belgium-Luxembourg,,,member,YES,World,1,Europe,150,Western Europe,155,Developed,3333,,,,
15,,,,,,,,,,,,,,old,Belgium-Luxembourg,Belgium-Luxembourg,Belgium-Luxembourg,,,,1999,,"Belgium, Luxembourg",don't know how to behave,old,NO,,1,Europe,150,,155,,3333,,,,
23,28,BZ,BZ,BLZ,BLZ,84,352,23,84,,Americas,Latin America and the Caribbean,,member,Belize,Belize,Belize,,,1981,,,,,member,YES,World,1,Americas,19,Latin America and the Caribbean,419,Developing,4444,,,Small island developing States,
53,29,BJ,BJ,BEN,BEN,204,236,53,204,,Africa,Africa,,member,Benin,Benin,the Republic of Benin,,,1960,,,,,member,YES,World,1,Africa,2,Western Africa,11,Developing,4444,Least developed countries,,,
17,30,BM,BM,BMU,BMU,60,331,17,60,229,Americas,,,areas and territories,Bermuda,Bermuda,Bermuda,,,,,,,british overseas territory,areas and territories,YES,World,1,Americas,19,Northern America,21,Developed,3333,,,,
18,31,BT,BT,BTN,BTN,64,630,18,64,,Asia,Asia,,member,Bhutan,Bhutan,the Kingdom of Bhutan,,,1971,,,,,member,YES,World,1,Asia,142,Southern Asia,34,Developing,4444,Least developed countries,Landlocked developing countries,,
,32,,,,,,,,,23,Africa,,,areas and territories,Bird Island,Bird Island,Bird Island,,,,,,,Belize territory,areas and territories,NO,,,,,,,,,,,,
19,33,BO,BO,BOL,BOL,68,428,19,68,,Americas,Latin America and the Caribbean,,member,Bolivia,Bolivia (Plurinational State of),the Plurinational State of Bolivia,,,1945,,,,,member,YES,World,1,Americas,19,Latin America and the Caribbean,419,Developing,4444,,Landlocked developing countries,,
278,,BQ,BQ,BES,BES,535,,278,535,150,Americas,,,areas and territories,"Bonaire, Sint Eustatius and Saba","Bonaire, Sint Eustatius and Saba","Bonaire, Sint Eustatius and Saba",,,2010,,Netherlands Antilles,,special municipality of the Netherlands,areas and territories,YES,World,1,Americas,19,Latin America and the Caribbean,419,Developing,4444,,,,
80,34,BA,BA,BIH,BIH,70,64,80,70,,Europe,Europe,,member,Bosnia and Herzegovina,Bosnia and Herzegovina,Bosnia and Herzegovina,,,1992,,Socialist Federal Republic of Yugoslavia,,,member,YES,World,1,Europe,150,Southern Europe,39,Developed,3333,,,,Transition countries of South-Eastern Europe
20,35,BW,BW,BWA,BWA,72,227,20,72,,Africa,Africa,,member,Botswana,Botswana,the Republic of Botswana,,,1966,,,,,member,YES,World,1,Africa,2,Southern Africa,18,Developing,4444,,Landlocked developing countries,,
31,36,BV,BV,BVT,BVT,0,,162,578,162,Antarctica,,,areas and territories,Bouvet Island,Bouvet Island,Bouvet Island,,,,,,,dependency of Norway,areas and territories,NO,,1,Europe,150,,154,,3333,,,,
21,37,BR,BR,BRA,BRA,76,431,21,76,,Americas,Latin America and the Caribbean,,member,Brazil,Brazil,the Federative Republic of Brazil,,,1945,,,,,member,YES,World,1,Americas,19,Latin America and the Caribbean,419,Developing,4444,,,,
24,38,IO,IO,IOT,IOT,86,,229,826,229,Africa,,,areas and territories,British Indian Ocean Territory,British Indian Ocean Territory,British Indian Ocean Territory,,,,,,,british overseas territory,areas and territories,NO,,1,Europe,150,,154,,3333,,,,
239,39,VG,VG,VGB,VGB,92,388,239,92,229,Americas,,,areas and territories,British Virgin Islands,British Virgin Islands,the British Virgin Islands,,,,,,,british overseas territory,areas and territories,YES,World,1,Americas,19,Latin America and the Caribbean,419,Developing,4444,,,Small island developing States,
26,40,BN,BN,BRN,BRN,96,725,26,96,,Asia,,,non member,Brunei Darussalam,Brunei Darussalam,Brunei Darussalam,,,1984,,,,,member,YES,World,1,Asia,142,South-Eastern Asia,35,Developing,4444,,,,
27,41,BG,BG,BGR,BGR,100,72,27,100,,Europe,Europe,,member,Bulgaria,Bulgaria,the Republic of Bulgaria,,,1955,,,,,member,YES,World,1,Europe,150,Eastern Europe,151,Developed,3333,,,,
233,42,BF,BF,BFA,BFA,854,287,233,854,,Africa,Africa,,member,Burkina Faso,Burkina Faso,Burkina Faso,,,1960,,,,,member,YES,World,1,Africa,2,Western Africa,11,Developing,4444,Least developed countries,Landlocked developing countries,,
29,43,BI,BI,BDI,BDI,108,228,29,108,,Africa,Africa,Eastern Africa,member,Burundi,Burundi,the Republic of Burundi,,,1962,,,,,member,YES,World,1,Africa,2,Eastern Africa,14,Developing,4444,Least developed countries,Landlocked developing countries,,
115,44,KH,KH,KHM,KHM,116,728,115,116,,Asia,Asia,,member,Cambodia,Cambodia,the Kingdom of Cambodia,,,1955,,,,,member,YES,World,1,Asia,142,South-Eastern Asia,35,Developing,4444,Least developed countries,,,
32,45,CM,CM,CMR,CMR,120,229,32,120,,Africa,Africa,Central Africa,member,Cameroon,Cameroon,the Republic of Cameroon,,,1960,,,,,member,YES,World,1,Africa,2,Middle Africa,17,Developing,4444,,,,
33,46,CA,CA,CAN,CAN,124,301,33,124,,Americas,North America,,member,Canada,Canada,Canada,,,1945,,,,,member,YES,World,1,Americas,19,Northern America,21,Developed,3333,,,,
,,,,,,,,,,203,Africa,,,areas and territories,Canary Island,Canary Island,Canary Island,,,,,,,spain,areas and territories,NO,,,,,,,,,,,,
34,,,,,,,,83,296,83,Oceania,,,areas and territories,Cantony and Enderbury Islands,Cantony and Enderbury Islands,Cantony and Enderbury Islands,,,,,,,kiribati,areas and territories,NO,,1,,9,,,,,,,,
35,47,CV,CV,CPV,CPV,132,230,35,132,,Africa,Africa,,member,Cape Verde,Cape Verde,the Republic of Cape Verde,,,1975,,,,,member,YES,World,1,Africa,2,Western Africa,11,Developing,4444,,,Small island developing States,
36,48,KY,KY,CYM,CYM,136,386,36,136,229,Americas,,,areas and territories,Cayman Islands,Cayman Islands,Cayman Islands,,,1960,,,,british overseas territory,areas and territories,YES,World,1,Americas,19,Latin America and the Caribbean,419,Developing,4444,,,,
37,49,CF,CF,CAF,CAF,140,231,37,140,,Africa,Africa,Central Africa,member,Central African Republic,Central African Republic,the Central African Republic,,,1960,,,,,member,YES,World,1,Africa,2,Middle Africa,17,Developing,4444,Least developed countries,Landlocked developing countries,,
39,50,TD,TD,TCD,TCD,148,232,39,148,,Africa,Africa,Central Africa,member,Chad,Chad,the Republic of Chad,,,1960,,,,,member,YES,World,1,Africa,2,Middle Africa,17,Developing,4444,Least developed countries,Landlocked developing countries,,
259,,,JG,CHI,CHI,830,,259,830,229,Europe,,,areas and territories,Channel Islands,Channel Islands,Channel Islands,,,,,,"Jersey,Guernsey",british crown dependencies,areas and territories,YES,World,1,Europe,150,Northern Europe,154,Developed,3333,,,,
40,51,CL,CL,CHL,CHL,152,434,40,152,,Americas,Latin America and the Caribbean,,member,Chile,Chile,the Republic of Chile,,,1945,,,,,member,YES,World,1,Americas,19,Latin America and the Caribbean,419,Developing,4444,,,,
351,,,,,,,,357,156,,Asia,Asia,,member,China,China,"China (China mainland, Hong Kong SAR, Macao SAR, Taiwan)",,,1945,,,"China,Hong Kong,Macau,Taiwan",china issue ,member,NO,,,Asia,142,,30,,,,,,
96,33364,HK,HK,HKG,HKG,344,735,96,344,351,Asia,,,areas and territories,Hong Kong,"China, Hong Kong SAR","China, Hong Kong Special Administrative Region",,,,,,,china issue ,areas and territories,YES,World,1,Asia,142,Eastern Asia,30,Developing,4444,,,,
128,149,MO,MO,MAC,MAC,446,748,128,446,351,Asia,,,areas and territories,Macao,"China, Macao SAR","China, Macao Special Administrative Region",,,,,,,china issue ,areas and territories,YES,World,1,Asia,142,Eastern Asia,30,Developing,4444,,,,
41,53,CN,CN,CHN,CHN,156,730,357,156,351,Asia,,,areas and territories,China,China,the People's Republic of China,,,,,,,china issue ,areas and territories,NO,,,Asia,142,,30,,,,,,
357,,,,,,156,,357,156,351,Asia,,,areas and territories,"China, mainland and Taiwan",China,"China (China mainland, Taiwan)",,,,,,"China,Taiwan",,areas and territories,YES,World,1,Asia,142,Eastern Asia,30,Developing,4444,,,,
42,54,CX,CX,CXR,CXR,162,,10,36,10,Asia,,,areas and territories,Christmas Island,Christmas Island,Christmas Island,,,,,,,territory of Australia,areas and territories,NO,,1,,9,,57,,4444,,,,
,55,,,,,,,,,68,Americas,,,areas and territories,Clipperton Island,Clipperton Island,Clipperton Island,,,,,,,overseas possession of France,areas and territories,NO,,,,,,,,,,,,
43,56,CC,CC,CCK,CCK,166,,43,166,10,Asia,,,areas and territories,Cocos Islands,Cocos (Keeling) Islands,Cocos (Keeling) Islands,,,,,,,territory of Australia,areas and territories,NO,,,,,,,,,,,,
44,57,CO,CO,COL,COL,170,437,44,170,,Americas,Latin America and the Caribbean,,member,Colombia,Colombia,the Republic of Colombia,,,1945,,,,,member,YES,World,1,Americas,19,Latin America and the Caribbean,419,Developing,4444,,,,
45,58,KM,KM,COM,COM,174,233,45,174,,Africa,Africa,,member,the Comoros,the Comoros,the Union of the Comoros,Comoros,,1975,,,,,member,YES,World,1,Africa,2,Eastern Africa,14,Developing,4444,Least developed countries,,Small island developing States,
46,59,CG,CG,COG,COG,178,234,46,178,,Africa,Africa,Central Africa,member,Congo,Congo,the Republic of the Congo,,,1960,,,,,member,YES,World,1,Africa,2,Middle Africa,17,Developing,4444,,,,
47,60,CK,CK,COK,COK,184,831,47,184,,Oceania,Southwest Pacific,Pacific Islands,member,the Cook Islands,the Cook Islands,the Cook Islands,Cook Islands,,,,,,,non member,YES,World,1,Oceania,9,Polynesia,61,Developing,4444,,,Small island developing States,
,,,,,,,,,,10,,,,areas and territories,Coral Sea Islands Territory,Coral Sea Islands Territory,Coral Sea Islands Territory,,,,,,,Australia,areas and territories,NO,,,,,,,,,,,,
48,61,CR,CR,CRI,CRI,188,336,48,188,,Americas,Latin America and the Caribbean,,member,Costa Rica,Costa Rica,the Republic of Costa Rica,,,1945,,,,,member,YES,World,1,Americas,19,Latin America and the Caribbean,419,Developing,4444,,,,
107,66,CI,CI,CIV,CIV,384,247,107,384,,Africa,Africa,,member,C�te d'Ivoire,C�te d'Ivoire,the Republic of C�te d'Ivoire,,,1960,,,,,member,YES,World,1,Africa,2,Western Africa,11,Developing,4444,,,,
98,62,HR,HR,HRV,HRV,191,62,98,191,,Europe,Europe,,member,Croatia,Croatia,the Republic of Croatia,,,1992,,Socialist Federal Republic of Yugoslavia,,,member,YES,World,1,Europe,150,Southern Europe,39,Developed,3333,,,,Transition countries of South-Eastern Europe
49,63,CU,CU,CUB,CUB,192,338,49,192,,Americas,Latin America and the Caribbean,,member,Cuba,Cuba,the Republic of Cuba,,,1945,,,,,member,YES,World,1,Americas,19,Latin America and the Caribbean,419,Developing,4444,,,Small island developing States,
279,,CW,CW,CUW,CUW,531,,279,531,150,Americas,,,areas and territories,Curac?ao,Curac?ao,Curac?ao,,,2010,,Netherlands Antilles,,country of the Kingdom of the Netherlands,areas and territories,YES,World,1,Americas,19,Latin America and the Caribbean,419,Developing,4444,,,,
50,64,CY,CY,CYP,CYP,196,30,50,196,,Asia,Europe,,member,Cyprus,Cyprus,the Republic of Cyprus,,,1960,,,,,member,YES,World,1,Asia,142,Western Asia,145,Developing,4444,,,,
167,65,CZ,CZ,CZE,CZE,203,,167,203,,Europe,Europe,,member,the Czech Republic,the Czech Republic,the Czech Republic,Czech Republic,,1993,,Czechoslovakia,,,member,YES,World,1,Europe,150,Eastern Europe,151,Developed,3333,,,,
51,,CS,CS,CSK,CSK,200,,,,,,,,old,Czechoslovakia,Czechoslovakia,Czechoslovakia,,,,1992,,"Czech Republic,Slovakia",,old,NO,,,,,,,,,,,,
116,67,KP,KP,PRK,PRK,408,740,116,408,,Asia,Asia,,member,DPR Korea,Democratic People's Republic of Korea,Democratic People's Republic of Korea,,,1991,,,,,member,YES,World,1,Asia,142,Eastern Asia,30,Developing,4444,,,,
250,68,CD,CD,COD,ZAR,180,235,250,180,,Africa,Africa,Central Africa,member,DR Congo,the Democratic Republic of the Congo,the Democratic Republic of the Congo,Democratic Republic of the Congo,,1960,,,,,member,YES,World,1,Africa,2,Middle Africa,17,Developing,4444,Least developed countries,,,
54,69,DK,DK,DNK,DNK,208,3,54,208,,Europe,Europe,,member,Denmark,Denmark,the Kingdom of Denmark,,,1945,,,,,member,YES,World,1,Europe,150,Northern Europe,154,Developed,3333,,,,
,40763,,,,,,,,,229,Europe,,,areas and territories,Dhekelia and Akrotiri,Dhekelia and Akrotiri SBAs,Dhekelia and Akrotiri SBAs,,,,,,,british overseas territory,areas and territories,NO,,,,,,,,,,,,
,,,,,,,,,,229,Asia,,,areas and territories,Diego Garcia,Diego Garcia,Diego Garcia,,,,,,,british overseas territory,areas and territories,NO,,,,,,,,,,,,
72,70,DJ,DJ,DJI,DJI,262,274,72,262,,Africa,Near East,Eastern Africa,member,Djibouti,Djibouti,the Republic of Djibouti,,,1977,,,,,member,YES,World,1,Africa,2,Eastern Africa,14,Developing,4444,Least developed countries,,,
55,71,DM,DM,DMA,DMA,212,378,55,212,,Americas,Latin America and the Caribbean,,member,Dominica,Dominica,the Commonwealth of Dominica,,,1978,,,,,member,YES,World,1,Americas,19,Latin America and the Caribbean,419,Developing,4444,,,Small island developing States,
56,72,DO,DO,DOM,DOM,214,340,56,214,,Americas,Latin America and the Caribbean,,member,the Dominican Republic,the Dominican Republic,the Dominican Republic,Dominican Republic,,1945,,,,,member,YES,World,1,Americas,19,Latin America and the Caribbean,419,Developing,4444,,,Small island developing States,
58,73,EC,EC,ECU,ECU,218,440,58,218,,Americas,Latin America and the Caribbean,,member,Ecuador,Ecuador,the Republic of Ecuador,,,1945,,,,,member,YES,World,1,Americas,19,Latin America and the Caribbean,419,Developing,4444,,,,
59,40765,EG,EG,EGY,EGY,818,142,59,818,,Africa,Near East,,member,Egypt,Egypt,the Arab Republic of Egypt,,,1945,,,,,member,YES,World,1,Africa,2,Northern Africa,15,Developing,4444,,,,
60,75,SV,SV,SLV,SLV,222,342,60,222,,Americas,Latin America and the Caribbean,,member,El Salvador,El Salvador,the Republic of El Salvador,,,1945,,,,,member,YES,World,1,Americas,19,Latin America and the Caribbean,419,Developing,4444,,,,
,,,,,,,,,,229,,,,areas and territories,England and Wales,England and Wales,England and Wales,,,,,,,england and wales,areas and territories,NO,,,,,,,,,,,,
61,76,GQ,GQ,GNQ,GNQ,226,245,61,226,,Africa,Africa,Central Africa,member,Equatorial Guinea,Equatorial Guinea,the Republic of Equatorial Guinea,,,1968,,,,,member,YES,World,1,Africa,2,Middle Africa,17,Developing,4444,Least developed countries,,,
178,77,ER,ER,ERI,ERI,232,271,178,232,,Africa,Africa,,member,Eritrea,Eritrea,Eritrea,,,1993,,Ethiopia PDR,,,member,YES,World,1,Africa,2,Eastern Africa,14,Developing,4444,Least developed countries,,,
63,78,EE,EE,EST,EST,233,,63,233,,Europe,Europe,,member,Estonia,Estonia,the Republic of Estonia,,,1992,,Union of Soviet Socialist Republic,,,member,YES,World,1,Europe,150,Northern Europe,154,Developed,3333,,,,
238,79,ET,ET,ETH,ETH,231,238,238,231,,Africa,Africa,Eastern Africa,member,Ethiopia,Ethiopia,the Federal Democratic Republic of Ethiopia,,,1993,,Ethiopia PDR,,,member,YES,World,1,Africa,2,Eastern Africa,14,Developing,4444,Least developed countries,Landlocked developing countries,,
62,,,,,,230,,,,,,,,old,Ethiopia PDR,Ethiopia PDR,Ethiopia PDR,,,,1992,,"Eritrea,Ethiopia",,old,NO,,1,,2,,14,,4444,,,,
,80,,,,,,,,,68,Africa,,,areas and territories,Europa Island,Europa Island,Europa Island,,,,,,,part of the French Southern and Antarctic Lands but claimed by Madagascar,areas and territories,NO,,,,,,,,,,,,
65,81,FK,FK,FLK,FLK,238,443,65,238,229,Americas,,,areas and territories,Falkland Islands ,Falkland Islands (Malvinas),the Falkland Islands (Malvinas),,,,,,,british overseas territory,areas and territories,YES,World,1,Americas,19,Latin America and the Caribbean,419,Developing,4444,,,,
64,82,FO,FO,FRO,FRO,234,,64,234,54,Europe,,,associate member,Faroe Islands,Faroe Islands,Faroe Islands,,,,,,,part of the Kingdom of Denmark,non member,YES,World,1,Europe,150,Northern Europe,154,Developed,3333,,,,
66,83,FJ,FJ,FJI,FJI,242,832,66,242,,Oceania,Southwest Pacific,Pacific Islands,member,Fiji,Fiji,the Republic of Fiji,,,1970,,,,,member,YES,World,1,Oceania,9,Melanesia,54,Developing,4444,,,Small island developing States,
67,84,FI,FI,FIN,FIN,246,18,67,246,,Europe,Europe,,member,Finland,Finland,the Republic of Finland,,,1955,,,,,member,YES,World,1,Europe,150,Northern Europe,154,Developed,3333,,,,
68,85,FR,FR,FRA,FRA,250,4,68,250,,Europe,Europe,,member,France,France,the French Republic,,,1945,,,,,member,YES,World,1,Europe,150,Western Europe,155,Developed,3333,,,,
69,86,GF,GF,GUF,GUF,254,,69,254,68,Americas,,,areas and territories,French Guiana,French Guiana,French Guiana,,,,,,,overseas region of France,areas and territories,YES,World,1,Americas,19,Latin America and the Caribbean,419,Developing,4444,,,,
70,87,PF,PF,PYF,PYF,258,840,70,258,68,Oceania,,,areas and territories,French Polynesia,French Polynesia,French Polynesia,,,,,,,overseas country of France,areas and territories,YES,World,1,Oceania,9,Polynesia,61,Developing,4444,,,Small island developing States,
71,88,TF,TF,ATF,ATF,260,,68,250,68,Antarctica,,,areas and territories,French Southern and Antarctic Territories,French Southern and Antarctic Territories,French Southern and Antarctic Territories,,,,,,,French Southern and Antarctic Territories,areas and territories,NO,,1,Europe,150,,155,,3333,,,,
74,89,GA,GA,GAB,GAB,266,239,74,266,,Africa,Africa,Central Africa,member,Gabon,Gabon,the Gabonese Republic,,,1960,,,,,member,YES,World,1,Africa,2,Middle Africa,17,Developing,4444,,,,
75,90,GM,GM,GMB,GMB,270,240,75,270,,Africa,Africa,,member,the Gambia,the Gambia,the Republic of the Gambia,Gambia,,1965,,,,,member,YES,World,1,Africa,2,Western Africa,11,Developing,4444,Least developed countries,,,
76,91, , , , ,,,299,275,,Asia,,,areas and territories,Gaza Strip,Gaza Strip,Gaza Strip,,,,,,,don't know how to behave,areas and territories,NO,,1,,142,,145,,4444,,,,
73,92,GE,GE,GEO,GEO,268,612,73,268,,Asia,Europe,,member,Georgia,Georgia,Georgia,,,1992,,Union of Soviet Socialist Republic,,,member,YES,World,1,Asia,142,Western Asia,145,Developing,4444,,,,
79,93,DE,DE,DEU,DEU,276,5,79,276,,Europe,Europe,,member,Germany,Germany,the Federal Republic of Germany,,,1973,,,,,member,YES,World,1,Europe,150,Western Europe,155,Developed,3333,,,,
81,94,GH,GH,GHA,GHA,288,241,81,288,,Africa,Africa,,member,Ghana,Ghana,the Republic of Ghana,,,1957,,,,,member,YES,World,1,Africa,2,Western Africa,11,Developing,4444,,,,
82,95,GI,GI,GIB,GIB,292,35,82,292,229,Europe,,,areas and territories,Gibraltar,Gibraltar,Gibraltar,,,,,,,british overseas territory,areas and territories,YES,World,1,Europe,150,Southern Europe,39,Developed,3333,,,,
,,,,,,,,,,68,Africa,,,areas and territories,Glorioso Island,Glorioso Island,Glorioso Island,,,,,,,french islands,areas and territories,NO,,,,,,,,,,,,
,96,,,,,,,,,212,Asia,,,areas and territories,Golan Heights,Golan Heights,Golan Heights,,,,,,,Syrian territory occupied by Israel,areas and territories,NO,,,,,,,,,,,,
,,,,,,,,,,,Americas,,,areas and territories,Greater Antilles,Greater Antilles,Greater Antilles,,,,,,,don't know how to behave,areas and territories,NO,,,,,,,,,,,,
84,97,GR,GR,GRC,GRC,300,40,84,300,,Europe,Europe,,member,Greece,Greece,the Hellenic Republic,,,1945,,,,,member,YES,World,1,Europe,150,Southern Europe,39,Developed,3333,,,,
85,98,GL,GL,GRL,GRL,304,,85,304,54,Americas,,,areas and territories,Greenland,Greenland,Greenland,,,,,,,autonomous country within the Kingdom of Denmark,areas and territories,YES,World,1,Americas,19,Northern America,21,Developed,3333,,,,
86,99,GD,GD,GRD,GRD,308,381,86,308,,Americas,Latin America and the Caribbean,,member,Grenada,Grenada,Grenada,,,1974,,,,,member,YES,World,1,Americas,19,Latin America and the Caribbean,419,Developing,4444,,,Small island developing States,
87,100,GP,GP,GLP,GLP,312,345,87,312,68,Americas,,,areas and territories,Guadeloupe,Guadeloupe,Guadeloupe,,,,,,,overseas region of France,areas and territories,YES,World,1,Americas,19,Latin America and the Caribbean,419,Developing,4444,,,,
88,101,GU,GU,GUM,GUM,316,,88,316,231,Oceania,,,areas and territories,Guam,Guam,Guam,,,,,,,unincorporated territory of United States,areas and territories,YES,World,1,Oceania,9,Micronesia,57,Developing,4444,,,Small island developing States,
89,103,GT,GT,GTM,GTM,320,347,89,320,,Americas,Latin America and the Caribbean,,member,Guatemala,Guatemala,the Republic of Guatemala,,,1945,,,,,member,YES,World,1,Americas,19,Latin America and the Caribbean,419,Developing,4444,,,,
274,104,GG,GG,GCY,GCY,831,,274,831,229,Europe,,,areas and territories,Guernsey,Guernsey,Bailiwick of Guernsey,,,,,,,british crown dependency,areas and territories,YES,World,1,Europe,150,Northern Europe,154,Developed,3333,,,,
90,106,GN,GN,GIN,GIN,324,243,90,324,,Africa,Africa,,member,Guinea,Guinea,the Republic of Guinea,,,1958,,,,,member,YES,World,1,Africa,2,Western Africa,11,Developing,4444,Least developed countries,,,
175,105,GW,GW,GNB,GNB,624,244,175,624,,Africa,Africa,,member,Guinea-Bissau,Guinea-Bissau,the Republic of Guinea-Bissau,,,1974,,,,,member,YES,World,1,Africa,2,Western Africa,11,Developing,4444,Least developed countries,,Small island developing States,
91,107,GY,GY,GUY,GUY,328,446,91,328,,Americas,Latin America and the Caribbean,,member,Guyana,Guyana,the Republic of Guyana,,,1966,,,,,member,YES,World,1,Americas,19,Latin America and the Caribbean,419,Developing,4444,,,Small island developing States,
93,108,HT,HT,HTI,HTI,332,349,93,332,,Americas,Latin America and the Caribbean,,member,Haiti,Haiti,the Republic of Haiti,,,1945,,,,,member,YES,World,1,Americas,19,Latin America and the Caribbean,419,Developing,4444,Least developed countries,,Small island developing States,
705,40760,,,,,,,,,59,Africa,,,areas and territories,Hala'ib triangle,Hala'ib triangle,Hala'ib triangle,,,,,,,administrated by Egypt but claimed by Sudan,areas and territories,NO,Disputed,,,,,,,,,,,
92,109,HM,HM,HMD,HMD,334,,10,36,10,Antarctica,,,areas and territories,Heard and McDonald Islands,Heard and McDonald Islands,Heard and McDonald Islands,,,,,,,Australian territory,areas and territories,NO,,1,Oceania,9,,53,,3333,,,,
94,110,VA,VA,VAT,VAT,336,,94,336,,Europe,,,non member,Holy See,Holy See,Holy See,,,,,,,,permanent observer,YES,World,1,Europe,150,Southern Europe,39,Developed,3333,,,,
95,111,HN,HN,HND,HND,340,351,95,340,,Americas,Latin America and the Caribbean,,member,Honduras,Honduras,the Republic of Honduras,,,1945,,,,,member,YES,World,1,Americas,19,Latin America and the Caribbean,419,Developing,4444,,,,
,112,,,,,,,,,231,Oceania,,,areas and territories,Howland Island,Howland Island,Howland Island,,,,,,,unincorporated and unorganized territory of the United States,areas and territories,NO,,,,,,,,,,,,
97,113,HU,HU,HUN,HUN,348,75,97,348,,Europe,Europe,,member,Hungary,Hungary,Hungary,,,1955,,,,,member,YES,World,1,Europe,150,Eastern Europe,151,Developed,3333,,,,
99,114,IS,IS,ISL,ISL,352,,99,352,,Europe,Europe,,member,Iceland,Iceland,the Republic of Iceland,,,1946,,,,,member,YES,World,1,Europe,150,Northern Europe,154,Developed,3333,,,,
99902,61013,,,,,,,,,114,Africa,,,areas and territories,Ilemi triangle,Ilemi triangle,Ilemi triangle,,,,,,,administrated by Kenya but claimed by South Sudan,areas and territories,NO,Disputed,,,,,,,,,,,
100,115,IN,IN,IND,IND,356,645,100,356,,Asia,Asia,,member,India,India,the Republic of India,,,1945,,,,,member,YES,World,1,Asia,142,Southern Asia,34,Developing,4444,,,,
101,116,ID,ID,IDN,IDN,360,738,101,360,,Asia,Asia,,member,Indonesia,Indonesia,the Republic of Indonesia,,,1950,,,,,member,YES,World,1,Asia,142,South-Eastern Asia,35,Developing,4444,,,,
102,117,IR,IR,IRN,IRN,364,540,102,364,,Asia,Near East,,member,Iran,Iran (Islamic Republic of),the Islamic Republic of Iran,,,1945,,,,,member,YES,World,1,Asia,142,Southern Asia,34,Developing,4444,,,,
103,118,IQ,IQ,IRQ,IRQ,368,543,103,368,,Asia,Near East,,member,Iraq,Iraq,the Republic of Iraq,,,1945,,,,,member,YES,World,1,Asia,142,Western Asia,145,Developing,4444,,,,
104,119,IE,IE,IRL,IRL,372,21,104,372,,Europe,Europe,,member,Ireland,Ireland,Ireland,,,1955,,,,,member,YES,World,1,Europe,150,Northern Europe,154,Developed,3333,,,,
264,120,IM,IM,IMN,IMY,833,,264,833,229,Europe,,,areas and territories,Isle of Man,Isle of Man,Isle of Man,,,,,,,British crown dependency,areas and territories,YES,World,1,Europe,150,Northern Europe,154,Developed,3333,,,,
105,121,IL,IL,ISR,ISR,376,546,105,376,,Asia,Europe,,member,Israel,Israel,the State of Israel,,,1949,,,,,member,YES,World,1,Asia,142,Western Asia,145,Developing,4444,,,,
106,122,IT,IT,ITA,ITA,380,6,106,380,,Europe,Europe,,member,Italy,Italy,the Republic of Italy,,,1955,,,,,member,YES,World,1,Europe,150,Southern Europe,39,Developed,3333,,,,
109,123,JM,JM,JAM,JAM,388,354,109,388,,Americas,Latin America and the Caribbean,,member,Jamaica,Jamaica,Jamaica,,,1962,,,,,member,YES,World,1,Americas,19,Latin America and the Caribbean,419,Developing,4444,,,Small island developing States,
99903,40781,,,,,,,,,100,Asia,,,areas and territories,Jammu Kashmir,Jammu Kashmir,Jammu Kashmir,,,,,,,administrated by India but claimed by Pakistan,areas and territories,NO,Disputed,,,,,,,,,,,
110,126,JP,JP,JPN,JPN,392,701,110,392,,Asia,Asia,,member,Japan,Japan,Japan,,,1956,,,,,member,YES,World,1,Asia,142,Eastern Asia,30,Developed,3333,,,,
,127,,,,,,,,,231,Oceania,,,areas and territories,Jarvis Island,Jarvis Island,Jarvis Island,,,,,,,unincorporated and unorganized territory of the United States,areas and territories,NO,,,,,,,,,,,,
283,128,JE,JE,JEY,JEY,832,,283,832,229,Europe,,,areas and territories,Jersey,Jersey,Bailiwick of Jersey,,,,,,,British crown dependency,areas and territories,YES,World,1,Europe,150,Northern Europe,154,Developed,3333,,,,
111,129,,,,,,,231,840,231,Oceania,,,areas and territories,Johnston Island,Johnston Island,Johnston Island,,,,,,,unincorporated territory of the United States,areas and territories,NO,,1,Americas,19,,21,,3333,,,,
112,130,JO,JO,JOR,JOR,400,549,112,400,,Asia,Near East,,member,Jordan,Jordan,the Hashemite Kingdom of Jordan,,,1955,,,,,member,YES,World,1,Asia,142,Western Asia,145,Developing,4444,,,,
,131,,,,,,,,,68,Africa,,,areas and territories,Juan de Nova Island,Juan de Nova Island,Juan de Nova Island,,,,,,,part of the French Southern and Antarctic Lands but claimed by Madagascar,areas and territories,NO,,,,,,,,,,,,
108,132,KZ,KZ,KAZ,KAZ,398,613,108,398,,Asia,Asia,Central Asia,member,Kazakhstan,Kazakhstan,the Republic of Kazakhstan,,,1992,,Union of Soviet Socialist Republic,,,member,YES,World,1,Asia,142,Central Asia,143,Developing,4444,,Landlocked developing countries,,Commonwealth of Independent States
114,133,KE,KE,KEN,KEN,404,248,114,404,,Africa,Africa,Eastern Africa,member,Kenya,Kenya,the Republic of Kenya,,,1963,,,,,member,YES,World,1,Africa,2,Eastern Africa,14,Developing,4444,,,,
,,,,,,,,,,68,Antarctica,,,areas and territories,Kerguelen Islands,Kerguelen Islands,Kerguelen Islands,,,,,,,part of the French Southern and Antarctic Lands,areas and territories,NO,,,,,,,,,,,,
,134,,,,,,,,,231,Americas,,,areas and territories,Kingman Reef,Kingman Reef,Kingman Reef,,,,,,,unincorporated territory of the United States,areas and territories,NO,,,,,,,,,,,,
83,135,KI,KI,KIR,KIR,296,836,83,296,,Oceania,Southwest Pacific,Pacific Islands,member,Kiribati,Kiribati,the Republic of Kiribati,,,1999,,,,,member,YES,World,1,Oceania,9,Micronesia,57,Developing,4444,Least developed countries,,Small island developing States,
275,,,KV,,KSV,,,272,688,,Europe,,,areas and territories,Kosovo,Kosovo,Kosovo,,,2008,,Serbia,,UN governed,areas and territories,NO,,1,Europe,150,,39,,3333,,,,
708,136,,,,,,,,,185,Asia,,,areas and territories,Kuril Islands,Kuril Islands,Kuril Islands,,,,,,,administrated bu Russia but claimed by Japan,areas and territories,NO,Disputed,,,,,,,,,,,
118,137,KW,KW,KWT,KWT,414,552,118,414,,Asia,Near East,Gulf Cooperation Council States and Yemen,member,Kuwait,Kuwait,the State of Kuwait,,,1963,,,,,member,YES,World,1,Asia,142,Western Asia,145,Developing,4444,,,,
113,138,KG,KG,KGZ,KGZ,417,614,113,417,,Asia,Near East,Central Asia,member,Kyrgyzstan,Kyrgyzstan,the Kyrgyz Republic,,,1992,,Union of Soviet Socialist Republic,,,member,YES,World,1,Asia,142,Central Asia,143,Developing,4444,,Landlocked developing countries,,Commonwealth of Independent States
120,139,LA,LA,LAO,LAO,418,745,120,418,,Asia,Asia,,member,Laos,the Lao People's Democratic Republic,the Lao People's Democratic Republic,Lao,Lao People's Democratic Republic,1955,,,,,member,YES,World,1,Asia,142,South-Eastern Asia,35,Developing,4444,Least developed countries,Landlocked developing countries,,
119,140,LV,LV,LVA,LVA,428,,119,428,,Europe,Europe,,member,Latvia,Latvia,the Republic of Latvia,,,1992,,Union of Soviet Socialist Republic,,,member,YES,World,1,Europe,150,Northern Europe,154,Developed,3333,,,,
121,141,LB,LB,LBN,LBN,422,555,121,422,,Asia,Near East,,member,Lebanon,Lebanon,the Lebanese Republic,,,1945,,,,,member,YES,World,1,Asia,142,Western Asia,145,Developing,4444,,,,
122,142,LS,LS,LSO,LSO,426,249,122,426,,Africa,Africa,,member,Lesotho,Lesotho,the Kingdom of Lesotho,,,1966,,,,,member,YES,World,1,Africa,2,Southern Africa,18,Developing,4444,Least developed countries,Landlocked developing countries,,
722,143,,,,,,,,,117,Asia,,,areas and territories,Liancourt Rock,Liancourt Rock,Liancourt Rock,,,,,,,administrated by South Korea but claimed by Japan,areas and territories,NO,Disputed,,,,,,,,,,,
123,144,LR,LR,LBR,LBR,430,251,123,430,,Africa,Africa,,member,Liberia,Liberia,the Republic of Liberia,,,1945,,,,,member,YES,World,1,Africa,2,Western Africa,11,Developing,4444,Least developed countries,,,
124,145,LY,LY,LBY,LBY,434,133,124,434,,Africa,Near East,North Africa,member,Libya,Libya,Libya,,,1955,,,,,member,YES,World,1,Africa,2,Northern Africa,15,Developing,4444,,,,
125,146,LI,LI,LIE,LIE,438,,125,438,,Europe,,,non member,Liechtenstein,Liechtenstein,the Principality of Liechtenstein,,,1990,,,,,member,YES,World,1,Europe,150,Western Europe,155,Developed,3333,,,,
126,147,LT,LT,LTU,LTU,440,,126,440,,Europe,Europe,,member,Lithuania,Lithuania,the Republic of Lithuania,,,1992,,Union of Soviet Socialist Republic,,,member,YES,World,1,Europe,150,Northern Europe,154,Developed,3333,,,,
256,148,LU,LU,LUX,LUX,442,22,256,442,,Europe,Europe,,member,Luxembourg,Luxembourg,the Grand Duchy of Luxembourg,,,1945,,Belgium-Luxembourg,,Strange. According to UN seems that Belgium & Luxembourg have never been together. That's why according to UN the YearStart is 1945 for both Belgium and Luxembourg. Added CRS code,member,YES,World,1,Europe,150,Western Europe,155,Developed,3333,,,,
129,150,MG,MG,MDG,MDG,450,252,129,450,,Africa,Africa,,member,Madagascar,Madagascar,the Republic of Madagascar,,,1960,,,,,member,YES,World,1,Africa,2,Eastern Africa,14,Developing,4444,Least developed countries,,,
,151,,,,,,,,,174,Europe,,,areas and territories,Madeira Islands,Madeira Islands,Madeira Islands,,,,,,,autonomous region of Portugal,areas and territories,NO,,,,,,,,,,,,
130,152,MW,MW,MWI,MWI,454,253,130,454,,Africa,Africa,,member,Malawi,Malawi,the Republic of Malawi,,,1964,,,,,member,YES,World,1,Africa,2,Eastern Africa,14,Developing,4444,Least developed countries,Landlocked developing countries,,
131,153,MY,MY,MYS,MYS,458,751,131,458,,Asia,Asia,,member,Malaysia,Malaysia,Malaysia,,,1957,,,,,member,YES,World,1,Asia,142,South-Eastern Asia,35,Developing,4444,,,,
132,154,MV,MV,MDV,MDV,462,655,132,462,,Asia,Asia,,member,Maldives,Maldives,the Republic of Maldives,,,1965,,,,,member,YES,World,1,Asia,142,Southern Asia,34,Developing,4444,,,Small island developing States,
133,155,ML,ML,MLI,MLI,466,255,133,466,,Africa,Africa,,member,Mali,Mali,the Republic of Mali,,,1960,,,,,member,YES,World,1,Africa,2,Western Africa,11,Developing,4444,Least developed countries,Landlocked developing countries,,
134,156,MT,MT,MLT,MLT,470,45,134,470,,Europe,Europe,,member,Malta,Malta,the Republic of Malta,,,1964,,,,,member,YES,World,1,Europe,150,Southern Europe,39,Developed,3333,,,,
,,,,,,,,,,202,Africa,,,areas and territories,Marion Island,Marion Island,Marion Island,,,,,,,South Africa,areas and territories,NO,,,,,,,,,,,,
127,157,MH,MH,MHL,MHL,584,859,127,584,,Oceania,Southwest Pacific,Pacific Islands,member,the Marshall Islands,the Marshall Islands,the Republic of the Marshall Islands,Marshall Islands,,1991,,"Pacific Islands, Trust Territory of",,,member,YES,World,1,Oceania,9,Micronesia,57,Developing,4444,,,Small island developing States,
135,158,MQ,MQ,MTQ,MTQ,474,356,135,474,68,Americas,,,areas and territories,Martinique,Martinique,Martinique,,,,,,,overseas region of France,areas and territories,YES,World,1,Americas,19,Latin America and the Caribbean,419,Developing,4444,,,,
713,40762,,,,,,,,,,Africa,,,areas and territories,Ma'tan al-Sarra,Ma'tan al-Sarra,Ma'tan al-Sarra,,,,,,,Libya,areas and territories,NO,Disputed,,,,,,,,,,,
136,159,MR,MR,MRT,MRT,478,256,136,478,,Africa,Africa,North Africa,member,Mauritania,Mauritania,the Islamic Republic of Mauritania,,,1961,,,,,member,YES,World,1,Africa,2,Western Africa,11,Developing,4444,Least developed countries,,,
137,160,MU,MU,MUS,MUS,480,257,137,480,,Africa,Africa,,member,Mauritius,Mauritius,the Republic of Mauritius,,,1968,,,,,member,YES,World,1,Africa,2,Eastern Africa,14,Developing,4444,,,Small island developing States,
270,161,YT,YT,MYT,MYT,175,258,270,175,68,Africa,,,areas and territories,Mayotte,Mayotte,Mayotte,,,,,,,overseas department and region of France,areas and territories,YES,World,1,Africa,2,Eastern Africa,14,Developing,4444,,,,
138,162,MX,MX,MEX,MEX,484,358,138,484,,Americas,Latin America and the Caribbean,,member,Mexico,Mexico,the United Mexican States,,,1945,,,,,member,YES,World,1,Americas,19,Latin America and the Caribbean,419,Developing,4444,,,,
145,163,FM,FM,FSM,FSM,583,860,145,583,,Oceania,Southwest Pacific,Pacific Islands,member,Micronesia,Micronesia (Federated States of),the Federated States of Micronesia,,,1991,,"Pacific Islands, Trust Territory of",,,member,YES,World,1,Oceania,9,Micronesia,57,Developing,4444,,,Small island developing States,
139,164,,,,,,,231,840,231,Americas,,,areas and territories,Midway Island,Midway Island,Midway Island,,,,,,,unincorporated and unorganized territory of the United States,areas and territories,NO,,1,Americas,19,,21,,3333,,,,
140,166,MC,MC,MCO,MCO,492,,140,492,,Europe,Europe,,member,Monaco,Monaco,the Principality of Monaco,,,1993,,,,,member,YES,World,1,Europe,150,Western Europe,155,Developed,3333,,,,
141,167,MN,MN,MNG,MNG,496,753,141,496,,Asia,Asia,,member,Mongolia,Mongolia,Mongolia,,,1961,,,,,member,YES,World,1,Asia,142,Eastern Asia,30,Developing,4444,,Landlocked developing countries,,
273,2647,ME,ME,MNE,MNE,499,65,273,499,,Europe,Europe,,member,Montenegro,Montenegro,Montenegro,,,2006,,Serbia and Montenegro,,,member,YES,World,1,Europe,150,Southern Europe,39,Developed,3333,,,,Transition countries of South-Eastern Europe
142,168,MS,MS,MSR,MSR,500,385,142,500,229,Americas,,,areas and territories,Montserrat,Montserrat,Montserrat,,,,,,,British overseas territory,areas and territories,YES,World,1,Americas,19,Latin America and the Caribbean,419,Developing,4444,,,Small island developing States,
143,169,MA,MA,MAR,MAR,504,136,143,504,,Africa,Africa,North Africa,member,Morocco,Morocco,the Kingdom of Morocco,,,1956,,,,,member,YES,World,1,Africa,2,Northern Africa,15,Developing,4444,,,,
144,170,MZ,MZ,MOZ,MOZ,508,259,144,508,,Africa,Africa,,member,Mozambique,Mozambique,the Republic of Mozambique,,,1975,,,,,member,YES,World,1,Africa,2,Eastern Africa,14,Developing,4444,Least developed countries,,,
28,171,MM,MM,MMR,MMR,104,635,28,104,,Asia,Asia,,member,Myanmar,Myanmar,the Republic of the Union of Myanmar,,,1948,,,,,member,YES,World,1,Asia,142,South-Eastern Asia,35,Developing,4444,Least developed countries,,,
147,172,NA,NA,NAM,NAM,516,275,147,516,,Africa,Africa,,member,Namibia,Namibia,the Republic of Namibia,,,1990,,,,,member,YES,World,1,Africa,2,Southern Africa,18,Developing,4444,,,,
148,173,NR,NR,NRU,NRU,520,845,148,520,,Oceania,Southwest Pacific,Pacific Islands,member,Nauru,Nauru,the Republic of Nauru,,,1999,,,,,member,YES,World,1,Oceania,9,Micronesia,57,Developing,4444,,,Small island developing States,
,174,,,,,,,,,231,Americas,,,areas and territories,Navassa Island,Navassa Island,Navassa Island,,,,,,,unincorporated and unorganized territory of the United States,areas and territories,NO,Disputed,,,,,,,,,,,
149,175,NP,NP,NPL,NPL,524,660,149,524,,Asia,Asia,,member,Nepal,Nepal,the Federal Democratic Republic of Nepal,,,1955,,,,,member,YES,World,1,Asia,142,Southern Asia,34,Developing,4444,Least developed countries,Landlocked developing countries,,
150,177,NL,NL,NLD,NLD,528,7,150,528,,Europe,Europe,,member,the Netherlands,the Netherlands,the Kingdom of the Netherlands,Netherlands,,1945,,,,,member,YES,World,1,Europe,150,Western Europe,155,Developed,3333,,,,
151,176,AN,AN,ANT,ANT,530,361,,,,Americas,,,old,Netherlands Antilles,Netherlands Antilles,Netherlands Antilles,,,1986,2009,,,,old,NO,,1,Americas,19,,419,,3333,,,Small island developing States,
,,,,,,532,,,,,Americas,,,old,Netherlands Antilles,Netherlands Antilles,Netherlands Antilles,,,1945,1985,Netherlands Antilles,,,old,NO,,1,Americas,19,,419,,3333,,,,
152,,,,,,,,,,,,,,areas and territories,Neutral Zone,Neutral Zone,Neutral Zone,,,,,,,don't know how to behave,areas and territories,NO,,,,,,,,,,,,
153,178,NC,NC,NCL,NCL,540,850,153,540,68,Oceania,,,areas and territories,New Caledonia,New Caledonia,New Caledonia,,,,,,,special collettivity of France,areas and territories,YES,World,1,Oceania,9,Melanesia,54,Developing,4444,,,Small island developing States,
156,179,NZ,NZ,NZL,NZL,554,820,156,554,,Oceania,Southwest Pacific,,member,New Zealand,New Zealand,New Zealand,,,1945,,,,,member,YES,World,1,Oceania,9,Australia and New Zealand,53,Developed,3333,,,,
157,180,NI,NI,NIC,NIC,558,364,157,558,,Americas,Latin America and the Caribbean,,member,Nicaragua,Nicaragua,the Republic of Nicaragua,,,1945,,,,,member,YES,World,1,Americas,19,Latin America and the Caribbean,419,Developing,4444,,,,
158,181,NE,NE,NER,NER,562,260,158,562,,Africa,Africa,,member,the Niger,the Niger,the Republic of the Niger,Niger,,1960,,,,,member,YES,World,1,Africa,2,Western Africa,11,Developing,4444,Least developed countries,Landlocked developing countries,,
159,182,NG,NG,NGA,NGA,566,261,159,566,,Africa,Africa,,member,Nigeria,Nigeria,the Federal Republic of Nigeria,,,1960,,,,,member,YES,World,1,Africa,2,Western Africa,11,Developing,4444,,,,
160,183,NU,NU,NIU,NIU,570,856,160,570,156,Oceania,Southwest Pacific,Pacific Islands,member,Niue,Niue,Niue,,,,,,,self-government in free association with New Zealand,areas and territories,YES,World,1,Oceania,9,Polynesia,61,Developing,4444,,,Small island developing States,
161,184,NF,NF,NFK,NFK,574,,161,574,10,Oceania,,,areas and territories,Norfolk Island,Norfolk Island,Territory of Norfolk Island,,,,,,,Australia's external territory,areas and territories,YES,World,1,Oceania,9,Australia and New Zealand,53,Developing,4444,,,,
163,185,MP,MP,MNP,MNP,580,858,163,580,231,Oceania,,,areas and territories,Northern Mariana Islands,Northern Mariana Islands,The Commonwealth of the Northern Mariana Islands,,,1991,,"Pacific Islands, Trust Territory of",,insular area Commonwealths of the United States of America,areas and territories,YES,World,1,Oceania,9,Micronesia,57,Developing,4444,,,Small island developing States,
162,186,NO,NO,NOR,NOR,578,8,162,578,,Europe,Europe,,member,Norway,Norway,the Kingdom of Norway,,,1945,,,,,member,YES,World,1,Europe,150,Northern Europe,154,Developed,3333,,,,
299,,PS,PS,PSE,WBG,275,550,299,275,,Asia,,,areas and territories,Occupied Palestinian Territory,Occupied Palestinian Territory,Occupied Palestinian Territory,Palestine,,1999,,,"West Bank,Gaza Strip",don't know how to behave,permanent observer,YES,World,1,Asia,142,Western Asia,145,Developing,4444,,,,
221,187,OM,OM,OMN,OMN,512,558,221,512,,Asia,Near East,Gulf Cooperation Council States and Yemen,member,Oman,Oman,the Sultanate of Oman,Oman,Oman,1971,,,,,member,YES,World,1,Asia,142,Western Asia,145,Developing,4444,,,,
164,,PC,PC,PCI,PCI,582,,,,,Oceania,,,old,"Pacific Islands, Trust Territory of","Pacific Islands, Trust Territory of","Pacific Islands, Trust Territory of",,,,1990,,"Micronesia (Federated States of),the Marshall Islands,Northern Mariana Islands,Palau",,old,NO,,,,,,,,,,,,
165,188,PK,PK,PAK,PAK,586,665,165,586,,Asia,Asia,,member,Pakistan,Pakistan,the Islamic Republic of Pakistan,,,1947,,,,,member,YES,World,1,Asia,142,Southern Asia,34,Developing,4444,,,,
180,189,PW,PW,PLW,PLW,585,861,180,585,,Oceania,Southwest Pacific,Pacific Islands,member,Palau,Palau,Palau,,,1991,,"Pacific Islands, Trust Territory of",,,member,YES,World,1,Oceania,9,Micronesia,57,Developing,4444,,,Small island developing States,
,,,,,,,,,,231,Americas,,,areas and territories,Palmyra Atoll,Palmyra Atoll,Palmyra Atoll,,,,,,,unincorporated and unorganized territory of the United States,areas and territories,NO,,,,,,,,,,,,
166,191,PA,PA,PAN,PAN,591,366,166,591,,Americas,Latin America and the Caribbean,,member,Panama,Panama,the Republic of Panama,,,1945,,,,,member,YES,World,1,Americas,19,Latin America and the Caribbean,419,Developing,4444,,,,
,,,,,,,,,,231,Americas,,,areas and territories,"Panama, Former Canal Zone","Panama, Former Canal Zone","Panama, Former Canal Zone",,,,,,,territory of United States,areas and territories,NO,,,,,,,,,,,,
168,192,PG,PG,PNG,PNG,598,862,168,598,,Oceania,Southwest Pacific,Pacific Islands,member,Papua New Guinea,Papua New Guinea,Papua New Guinea,,,1975,,,,,member,YES,World,1,Oceania,9,Melanesia,54,Developing,4444,,,Small island developing States,
710,193,,,,,,,,,351,Asia,,,areas and territories,Paracel Islands,Paracel Islands,Paracel Islands,,,,,,,administrated by China but claimed by Taiwan and Vietnam,areas and territories,NO,Disputed,,,,,,,,,,,
169,194,PY,PY,PRY,PRY,600,451,169,600,,Americas,Latin America and the Caribbean,,member,Paraguay,Paraguay,the Republic of Paraguay,,,1945,,,,,member,YES,World,1,Americas,19,Latin America and the Caribbean,419,Developing,4444,,Landlocked developing countries,,
,,,,,,,,,,,Asia,,,areas and territories,Persian Gulf,Persian Gulf,Persian Gulf,,,,,,,don't know how to behave,areas and territories,NO,,,,,,,,,,,,
170,195,PE,PE,PER,PER,604,454,170,604,,Americas,Latin America and the Caribbean,,member,Peru,Peru,the Republic of Peru,,,1945,,,,,member,YES,World,1,Americas,19,Latin America and the Caribbean,419,Developing,4444,,,,
171,196,PH,PH,PHL,PHL,608,755,171,608,,Asia,Asia,,member,the Philippines,the Philippines,the Republic of the Philippines,Philippines,,1945,,,,,member,YES,World,1,Asia,142,South-Eastern Asia,35,Developing,4444,,,,
172,197,PN,PN,PCN,PCN,612,,172,612,229,Oceania,,,areas and territories,Pitcairn Islands,Pitcairn Islands,Pitcairn Islands,,,,,,,British overseas territory,areas and territories,YES,World,1,Oceania,9,Polynesia,61,Developing,4444,,,,
,,,,,,,,,,33,Americas,,,areas and territories,Prince Edward Island,Prince Edward Island,Prince Edward Island,,,,,,,Canadian province,areas and territories,NO,,,,,,,,,,,,
173,198,PL,PL,POL,POL,616,,173,616,,Europe,Europe,,member,Poland,Poland,the Republic of Poland,,,1945,,,,,member,YES,World,1,Europe,150,Eastern Europe,151,Developed,3333,,,,
174,199,PT,PT,PRT,PRT,620,9,174,620,,Europe,Europe,,member,Portugal,Portugal,the Portuguese Republic,,,1955,,,,,member,YES,World,1,Europe,150,Southern Europe,39,Developed,3333,,,,
177,200,PR,PR,PRI,PRI,630,,177,630,231,Americas,,,areas and territories,Puerto Rico,Puerto Rico,the Commonwealth of Puerto Rico,,,,,,,insular area Commonwealths of the United States of America,areas and territories,YES,World,1,Americas,19,Latin America and the Caribbean,419,Developing,4444,,,Small island developing States,
179,201,QA,QA,QAT,QAT,634,561,179,634,,Asia,Near East,Gulf Cooperation Council States and Yemen,member,Qatar,Qatar,the State of Qatar,,,1971,,,,,member,YES,World,1,Asia,142,Western Asia,145,Developing,4444,,,,
117,202,KR,KR,KOR,KOR,410,742,117,410,,Asia,Asia,,member,Republic of Korea,Republic of Korea,Republic of Korea,,,1991,,,,,member,YES,World,1,Asia,142,Eastern Asia,30,Developing,4444,,,,
146,165,MD,MD,MDA,MDA,498,93,146,498,,Europe,Europe,,member,Republic of Moldova,Republic of Moldova,the Republic of Moldova,,,1992,,Union of Soviet Socialist Republic,,,member,YES,World,1,Europe,150,Eastern Europe,151,Developed,3333,,Landlocked developing countries,,Commonwealth of Independent States
182,206,RE,RE,REU,REU,638,,182,638,68,Africa,,,areas and territories,R�union,R�union,R�union,,,,,,,overseas department of France,areas and territories,YES,World,1,Africa,2,Eastern Africa,14,Developing,4444,,,,
183,203,RO,RO,ROU,ROM,642,77,183,642,,Europe,Europe,,member,Romania,Romania,Romania,,,1955,,,,,member,YES,World,1,Europe,150,Eastern Europe,151,Developed,3333,,,,
,,,,,,,,,,156,Antarctica,,,areas and territories,Ross Dependency,Ross Dependency,Ross Dependency,,,,,,,New Zealand dependency,areas and territories,NO,,,,,,,,,,,,
185,204,RU,RU,RUS,RUS,643,87,185,643,,Europe,Europe,,member,the Russian Federation,the Russian Federation,the Russian Federation,Russian Federation,,1992,,Union of Soviet Socialist Republic,,,member,YES,World,1,Europe,150,Eastern Europe,151,Developed,3333,,,,Commonwealth of Independent States
184,205,RW,RW,RWA,RWA,646,266,184,646,,Africa,Africa,Eastern Africa,member,Rwanda,Rwanda,the Republic of Rwanda,,,1962,,,,,member,YES,World,1,Africa,2,Eastern Africa,14,Developing,4444,Least developed countries,Landlocked developing countries,,
282,,BL,BL,BLM,BLM,652,,282,652,68,Americas,,,areas and territories,Saint-Barth�lemy,Saint-Barth�lemy,Saint-Barth�lemy,,,,,,,overseas collectivity of France,areas and territories,YES,World,1,Americas,19,Latin America and the Caribbean,419,Developing,4444,,,,
187,207,SH,SH,SHN,SHN,654,276,187,654,229,Africa,,,areas and territories,Saint Helena,"Saint Helena, Ascension and Tristan da Cunha","Saint Helena, Ascension and Tristan da Cunha",,,,,,,British overseas territory,areas and territories,YES,World,1,Africa,2,Western Africa,11,Developing,4444,,,,
188,208,KN,KN,KNA,KNA,659,382,188,659,,Americas,Latin America and the Caribbean,,member,Saint Kitts and Nevis,Saint Kitts and Nevis,Saint Kitts and Nevis,,,1983,,,,,member,YES,World,1,Americas,19,Latin America and the Caribbean,419,Developing,4444,,,Small island developing States,
189,209,LC,LC,LCA,LCA,662,383,189,662,,Americas,Latin America and the Caribbean,,member,Saint Lucia,Saint Lucia,Saint Lucia,,,1979,,,,,member,YES,World,1,Americas,19,Latin America and the Caribbean,419,Developing,4444,,,Small island developing States,
281,,MF,MF,MAF,MAF,663,,281,663,68,Americas,,,areas and territories,Saint Martin (French),Saint Martin (French part),Saint Martin (French part),,,,,,,overseas collectivity of France,areas and territories,YES,World,1,Americas,19,Latin America and the Caribbean,419,Developing,4444,,,,
190,210,PM,PM,SPM,SPM,666,,190,666,68,Americas,,,areas and territories,Saint Pierre and Miquelon,Saint Pierre and Miquelon,Saint Pierre and Miquelon,,,,,,,overseas collectivity of France,areas and territories,YES,World,1,Americas,19,Northern America,21,Developed,3333,,,,
191,211,VC,VC,VCT,VCT,670,384,191,670,,Americas,Latin America and the Caribbean,,member,Saint Vincent and the Grenadines,Saint Vincent and the Grenadines,Saint Vincent and the Grenadines,,,1980,,,,,member,YES,World,1,Americas,19,Latin America and the Caribbean,419,Developing,4444,,,Small island developing States,
244,212,WS,WS,WSM,WSM,882,880,244,882,,Oceania,Southwest Pacific,,member,Samoa,Samoa,the Independent State of Samoa,,,1976,,,,,member,YES,World,1,Oceania,9,Polynesia,61,Developing,4444,Least developed countries,,Small island developing States,
192,213,SM,SM,SMR,SMR,674,,192,674,,Europe,Europe,,member,San Marino,San Marino,the Republic of San Marino,,,1992,,,,,member,YES,World,1,Europe,150,Southern Europe,39,Developed,3333,,,,
193,214,ST,ST,STP,STP,678,268,193,678,,Africa,Africa,Central Africa,member,Sao Tome and Principe,Sao Tome and Principe,the Democratic Republic of Sao Tome and Principe,,,1975,,,,,member,YES,World,1,Africa,2,Middle Africa,17,Developing,4444,Least developed countries,,Small island developing States,
285,,,,,,680,,285,680,274,Europe,,,areas and territories,Sark,Sark,Sark,,,,,,,Guernsey,areas and territories,YES,World,1,Europe,150,Northern Europe,154,Developed,3333,,,,
194,215,SA,SA,SAU,SAU,682,566,194,682,,Asia,Near East,Gulf Cooperation Council States and Yemen,member,Saudi Arabia,Saudi Arabia,the Kingdom of Saudi Arabia,,,1945,,,,,member,YES,World,1,Asia,142,Western Asia,145,Developing,4444,,,,
711,216,,,,,,,,,,Asia,,,areas and territories,Scarborough Reef,Scarborough Reef,Scarborough Reef,,,,,,,"claimed by China, Philippines, and Taiwan",areas and territories,NO,Disputed,,,,,,,,,,,
195,217,SN,SN,SEN,SEN,686,269,195,686,,Africa,Africa,,member,Senegal,Senegal,the Republic of Senegal,,,1960,,,,,member,YES,World,1,Africa,2,Western Africa,11,Developing,4444,Least developed countries,,,
721,218,,,,,,,,,110,Asia,,,areas and territories,Senkaku Islands,Senkaku Islands,Senkaku Islands,,,,,,,administrated by Japan but claimed by China and Taiwan,areas and territories,NO,Disputed,,,,,,,,,,,
272,2648,RS,RS,SRB,SRB,688,63,272,688,,Europe,Europe,,member,Serbia,Serbia,the Republic of Serbia,,,2006,,,,,member,YES,World,1,Europe,150,Southern Europe,39,Developed,3333,,,,Transition countries of South-Eastern Europe
186,,CS,CS,SCG,SCG,891,,,,,Europe,,,old,Serbia and Montenegro,Serbia and Montenegro,Serbia and Montenegro,,,1992,2005,,"Serbia,Montenegro",,old,NO,,1,Europe,150,,39,,3333,,,,
196,220,SC,SC,SYC,SYC,690,270,196,690,,Africa,Africa,,member,Seychelles,Seychelles,the Republic of Seychelles,,,1976,,,,,member,YES,World,1,Africa,2,Eastern Africa,14,Developing,4444,,,Small island developing States,
197,221,SL,SL,SLE,SLE,694,272,197,694,,Africa,Africa,,member,Sierra Leone,Sierra Leone,the Republic of Sierra Leone,,,1961,,,,,member,YES,World,1,Africa,2,Western Africa,11,Developing,4444,Least developed countries,,,
200,222,SG,SG,SGP,SGP,702,761,200,702,,Asia,,,non member,Singapore,Singapore,the Republic of Singapore,,,1965,,,,,member,YES,World,1,Asia,142,South-Eastern Asia,35,Developing,4444,,,Small island developing States,
280,,SX,SX,SXM,SXM,534,,280,534,150,Americas,,,areas and territories,Sint Maarten (Dutch),Sint Maarten (Dutch part),Sint Maarten (Dutch part),,,2010,,Netherlands Antilles,,constituent country of the Kingdom of the Netherlands,areas and territories,YES,World,1,Americas,19,Latin America and the Caribbean,419,Developing,4444,,,,
199,223,SK,SK,SVK,SVK,703,69,199,703,,Europe,Europe,,member,Slovakia,Slovakia,the Slovak Republic,,,1993,,Czechoslovakia,,,member,YES,World,1,Europe,150,Eastern Europe,151,Developed,3333,,,,
198,224,SI,SI,SVN,SVN,705,61,198,705,,Europe,Europe,,member,Slovenia,Slovenia,the Republic of Slovenia,,,1992,,Socialist Federal Republic of Yugoslavia,,,member,YES,World,1,Europe,150,Southern Europe,39,Developed,3333,,,,
25,225,SB,SB,SLB,SLB,90,866,25,90,,Oceania,Southwest Pacific,Pacific Islands,member,Solomon Islands,Solomon Islands,Solomon Islands,,,1978,,,,,member,YES,World,1,Oceania,9,Melanesia,54,Developing,4444,Least developed countries,,Small island developing States,
201,226,SO,SO,SOM,SOM,706,273,201,706,,Africa,Near East,Eastern Africa,member,Somalia,Somalia,the Somali Republic,,,1960,,,,,member,YES,World,1,Africa,2,Eastern Africa,14,Developing,4444,Least developed countries,,,
202,227,ZA,ZA,ZAF,ZAF,710,218,202,710,,Africa,Africa,,member,South Africa,South Africa,the Republic of South Africa,,,1945,,,,,member,YES,World,1,Africa,2,Southern Africa,18,Developing,4444,,,,
277,,SS,SS,,SSD,728,,277,728,,Africa,,Eastern Africa,non member,South Sudan,South Sudan,the Republic of South Sudan,,,2011,,Sudan,,,member,YES,World,1,Africa,2,Northern Africa,15,Developing,4444,,,,
271,228,GS,GS,SGS,SGS,,,229,826,229,Antarctica,,,areas and territories,South Georgia and Sandwich Islands,South Georgia and Sandwich Islands,South Georgia and Sandwich Islands,,,,,,,British overseas territory,areas and territories,NO,,1,Europe,150,,154,,3333,,,,
,,,,,,,,,,,Europe,,,areas and territories,Sovereign Order of Malta,Sovereign Order of Malta,Sovereign Military Hospitaller Order of St. John of Gerusalem of Rhodes and of Malta,,,,,,,don't know how to behave,areas and territories,NO,,,,,,,,,,,,
203,229,ES,ES,ESP,ESP,724,50,203,724,,Europe,Europe,,member,Spain,Spain,the Kingdom of Spain,,,1955,,,,,member,YES,World,1,Europe,150,Southern Europe,39,Developed,3333,,,,
712,230,,,,,,,,,,Asia,,,areas and territories,Spratly Islands,Spratly Islands,Spratly Islands,,,,,,,"claimed by China, Taiwan, Philippines, Malaysia, Vietnam, Brunei",areas and territories,NO,Disputed,,,,,,,,,,,
38,231,LK,LK,LKA,LKA,144,640,38,144,,Asia,Asia,,member,Sri Lanka,Sri Lanka,the Democratic Socialist Republic of Sri Lanka,,,1955,,,,,member,YES,World,1,Asia,142,Southern Asia,34,Developing,4444,,,,
206,40764,SD,SD,SDN,SDN,736,278,206,736,,Africa,Near East,,old,the Sudan,the Sudan,the Republic of the Sudan,Sudan,Sudan and South Sudan,1956,2010,,,,old,NO,,1,Africa,2,,15,,4444,,,,
276,,SD,SD,SDN,SDN,729,,276,729,,Africa,Near East,,member,the Sudan,the Sudan,the Republic of the Sudan,Sudan,,2011,,,,,member,YES,World,1,Africa,2,Northern Africa,15,Developing,4444,Least developed countries,,,
207,233,SR,SR,SUR,SUR,740,457,207,740,,Americas,Latin America and the Caribbean,,member,Suriname,Suriname,the Republic of Suriname,,,1975,,,,,member,YES,World,1,Americas,19,Latin America and the Caribbean,419,Developing,4444,,,Small island developing States,
260,234,SJ,SJ,SJM,SJM,744,,260,744,162,Europe,,,areas and territories,Svalbard and Jan Mayen Islands,Svalbard and Jan Mayen Islands,Svalbard and Jan Mayen Islands,,,,,,,administrated by Norway,areas and territories,YES,World,1,Europe,150,Northern Europe,154,Developed,3333,,,,
209,235,SZ,SZ,SWZ,SWZ,748,280,209,748,,Africa,Africa,,member,Swaziland,Swaziland,the Kingdom of Swaziland,,,1968,,,,,member,YES,World,1,Africa,2,Southern Africa,18,Developing,4444,,Landlocked developing countries,,
210,236,SE,SE,SWE,SWE,752,10,210,752,,Europe,Europe,,member,Sweden,Sweden,the Kingdom of Sweden,,,1946,,,,,member,YES,World,1,Europe,150,Northern Europe,154,Developed,3333,,,,
211,237,CH,CH,CHE,CHE,756,11,211,756,,Europe,Europe,,member,Switzerland,Switzerland,the Swiss Confederation,,,2002,,,,,member,YES,World,1,Europe,150,Western Europe,155,Developed,3333,,,,
212,238,SY,SY,SYR,SYR,760,573,212,760,,Asia,Near East,,member,the Syrian Arab Republic,the Syrian Arab Republic,the Syrian Arab Republic,Syrian Arab Republic,,1945,,,,,member,YES,World,1,Asia,142,Western Asia,145,Developing,4444,,,,
214,,TW,TW,TWN,TWN,158,748,357,156,351,Asia,,,areas and territories,Taiwan,"Taiwan, Province of China","Taiwan, Province of China",,,,,,,china province,areas and territories,NO,,1,Asia,142,,30,,4444,,,,
208,239,TJ,TJ,TJK,TJK,762,615,208,762,,Asia,Near East,Central Asia,member,Tajikistan,Tajikistan,the Republic of Tajikistan,,,1992,,Union of Soviet Socialist Republic,,,member,YES,World,1,Asia,142,Central Asia,143,Developing,4444,,Landlocked developing countries,,Commonwealth of Independent States
216,240,TH,TH,THA,THA,764,764,216,764,,Asia,Asia,,member,Thailand,Thailand,the Kingdom of Thailand,,,1946,,,,,member,YES,World,1,Asia,142,South-Eastern Asia,35,Developing,4444,,,,
154,241,MK,MK,MKD,MKD,807,66,154,807,,Europe,Europe,,member,Macedonia,The former Yugoslav Republic of Macedonia,The former Yugoslav Republic of Macedonia,,,1992,,Socialist Federal Republic of Yugoslavia,,,member,YES,World,1,Europe,150,Southern Europe,39,Developed,3333,,Landlocked developing countries,,Transition countries of South-Eastern Europe
176,242,TL,TL,TLS,TMP,626,765,176,626,,Asia,Asia,,member,Timor-Leste,Timor-Leste,the Democratic Republic of Timor-Leste,,,2002,,,,,member,YES,World,1,Asia,142,South-Eastern Asia,35,Developing,4444,Least developed countries,,Small island developing States,
217,243,TG,TG,TGO,TGO,768,283,217,768,,Africa,Africa,,member,Togo,Togo,the Togolese Republic,,,1960,,,,,member,YES,World,1,Africa,2,Western Africa,11,Developing,4444,Least developed countries,,,
218,244,TK,TK,TKL,TKL,772,868,218,772,156,Oceania,,Pacific Islands,associate member,Tokelau,Tokelau,Tokelau,,,,,,,New Zealand territory,areas and territories,YES,World,1,Oceania,9,Polynesia,61,Developing,4444,,,,
219,245,TO,TO,TON,TON,776,870,219,776,,Oceania,Southwest Pacific,Pacific Islands,member,Tonga,Tonga,the Kingdom of Tonga,,,1999,,,,,member,YES,World,1,Oceania,9,Polynesia,61,Developing,4444,,,Small island developing States,
220,246,TT,TT,TTO,TTO,780,375,220,780,,Americas,Latin America and the Caribbean,,member,Trinidad and Tobago,Trinidad and Tobago,the Republic of Trinidad and Tobago,,,1962,,,,,member,YES,World,1,Americas,19,Latin America and the Caribbean,419,Developing,4444,,,Small island developing States,
,247,,,,,,,,,68,Africa,,,areas and territories,Tromelin Island,Tromelin Island,Tromelin Island,,,,,,,overseas territory of France but claimed by Seychelles and Mauritius,areas and territories,NO,,,,,,,,,,,,
222,248,TN,TN,TUN,TUN,788,139,222,788,,Africa,Africa,North Africa,member,Tunisia,Tunisia,the Republic of Tunisia,,,1956,,,,,member,YES,World,1,Africa,2,Northern Africa,15,Developing,4444,,,,
223,249,TR,TR,TUR,TUR,792,55,223,792,,Asia,Europe,Central Asia,member,Turkey,Turkey,the Republic of Turkey,,,1945,,,,,member,YES,World,1,Asia,142,Western Asia,145,Developing,4444,,,,
213,250,TM,TM,TKM,TKM,795,616,213,795,,Asia,Near East,Central Asia,member,Turkmenistan,Turkmenistan,Turkmenistan,,,1992,,Union of Soviet Socialist Republic,,,member,YES,World,1,Asia,142,Central Asia,143,Developing,4444,,Landlocked developing countries,,Commonwealth of Independent States
224,251,TC,TC,TCA,TCA,796,387,224,796,229,Americas,,,areas and territories,Turks and Caicos Islands,Turks and Caicos Islands,Turks and Caicos Islands,,,,,,,British overseas territory,areas and territories,YES,World,1,Americas,19,Latin America and the Caribbean,419,Developing,4444,,,,
227,252,TV,TV,TUV,TUV,798,872,227,798,,Oceania,Southwest Pacific,Pacific Islands,member,Tuvalu,Tuvalu,Tuvalu,,,2000,,,,,member,YES,World,1,Oceania,9,Polynesia,61,Developing,4444,Least developed countries,,Small island developing States,
226,253,UG,UG,UGA,UGA,800,285,226,800,,Africa,Africa,Eastern Africa,member,Uganda,Uganda,the Republic of Uganda,,,1962,,,,,member,YES,World,1,Africa,2,Eastern Africa,14,Developing,4444,Least developed countries,Landlocked developing countries,,
230,254,UA,UA,UKR,UKR,804,85,230,804,,Europe,Europe,,member,Ukraine,Ukraine,Ukraine,,,1992,,Union of Soviet Socialist Republic,,,member,YES,World,1,Europe,150,Eastern Europe,151,Developed,3333,,,,
225,255,AE,AE,ARE,ARE,784,576,225,784,,Asia,Near East,Gulf Cooperation Council States and Yemen,member,the United Arab Emirates,the United Arab Emirates,the United Arab Emirates,United Arab Emirates,,1971,,,,,member,YES,World,1,Asia,142,Western Asia,145,Developing,4444,,,,
229,256,GB,GB,GBR,GBR,826,12,229,826,,Europe,Europe,,member,United Kingdom,the United Kingdom of Great Britain and Northern Ireland,the United Kingdom of Great Britain and Northern Ireland,United Kingdom of Great Britain and Northern Ireland,United Kingdom,1945,,,,,member,YES,World,1,Europe,150,Northern Europe,154,Developed,3333,,,,
215,257,TZ,TZ,TZA,TZA,834,282,215,834,,Africa,Africa,,member,Tanzania,the United Republic of Tanzania,the United Republic of Tanzania,United Republic of Tanzania,,1961,,,,,member,YES,World,1,Africa,2,Eastern Africa,14,Developing,4444,Least developed countries,,,
231,259,US,US,USA,USA,840,302,231,840,,Americas,North America,,member,the United States of America,the United States of America,the United States of America,United States of America,,1945,,,,,member,YES,World,1,Americas,19,Northern America,21,Developed,3333,,,,
240,258,VI,VI,VIR,VIR,850,,240,850,231,Americas,,,areas and territories,Virgin Islands,United States Virgin Islands,the United States Virgin Islands,United States Virgin Islands,,,,,,unincorporated and unorganized territory of the United States,areas and territories,YES,World,1,Americas,19,Latin America and the Caribbean,419,Developing,4444,,,Small island developing States,
234,260,UY,UY,URY,URY,858,460,234,858,,Americas,Latin America and the Caribbean,,member,Uruguay,Uruguay,the Eastern Republic of Uruguay,,,1945,,,,,member,YES,World,1,Americas,19,Latin America and the Caribbean,419,Developing,4444,,,,
228,,SU,SU,SUN,MON,810,,,,,Asia,,,old,Soviet Union,Union of Soviet Socialist Republic,Union of Soviet Socialist Republic,,,,1991,,Armenia+Azerbaijan+Belarus+Estonia+Georgia+Kazakistan+Kyrghisistan+Latvia+Lithuania+Republic of Moldova+Russian Federation+Tajikistan+Turkmenistan+Ukraine+Uzbekistan,,old,NO,,1,Europe,150,,151,,4444,,,,
232,-1,PU,PU,PUS,PUS,,,231,840,231,,,,areas and territories,US Minor Is.,US Minor Is.,US Minor Is.,,,,,,,administrated by United States,areas and territories,NO,,1,Americas,19,,21,,4444,,,,
235,261,UZ,UZ,UZB,UZB,860,617,235,860,,Asia,Asia,Central Asia,member,Uzbekistan,Uzbekistan,the Republic of Uzbekistan,,,1992,,Union of Soviet Socialist Republic,,,member,YES,World,1,Asia,142,Central Asia,143,Developing,4444,,Landlocked developing countries,,Commonwealth of Independent States
155,262,VU,VU,VUT,VUT,548,854,155,548,,Oceania,Southwest Pacific,Pacific Islands,member,Vanuatu,Vanuatu,the Republic of Vanuatu,,,1981,,,,,member,YES,World,1,Oceania,9,Melanesia,54,Developing,4444,Least developed countries,,Small island developing States,
236,263,VE,VE,VEN,VEN,862,463,236,862,,Americas,Latin America and the Caribbean,,member,Venezuela,Venezuela (Bolivarian Republic of),the Bolivarian Republic of Venezuela,,,1945,,,,,member,YES,World,1,Americas,19,Latin America and the Caribbean,419,Developing,4444,,,,
237,264,VN,VN,VNM,VNM,704,769,237,704,,Asia,Asia,,member,Viet Nam,Viet Nam,the Socialist Republic of Viet Nam,,,1977,,,,,member,YES,World,1,Asia,142,South-Eastern Asia,35,Developing,4444,,,,
242,265,WK,WK,WAK,WAK,,,231,840,231,Oceania,,,areas and territories,Wake Island,Wake Island,Wake Island,,,,,,,unincorporated and unorganized territory of the United States,areas and territories,NO,,1,Americas,19,,21,,4444,,,,
243,266,WF,WF,WLF,WLF,876,876,,876,68,Oceania,,,areas and territories,Wallis and Futuna Islands,Wallis and Futuna Islands,Wallis and Futuna Islands,,,,,,,overseas collectivity of France,areas and territories,YES,World,1,Oceania,9,Polynesia,61,Developing,4444,,,,
245,267, , , , ,,550,299,275,,Asia,,,areas and territories,the West Bank,the West Bank,The West Bank,West Bank,,,,,,don't know how to behave,areas and territories,NO,,1,Asia,142,,145,,3333,,,,
205,268,EH,EH,ESH,ESH,732,,,,,Africa,,,areas and territories,Western Sahara,Western Sahara,Western Sahara,,,,,,,don't know how to behave,areas and territories,YES,World,1,Africa,2,Northern Africa,15,Developing,4444,,,,
,,,,,,,,,,101,,,,areas and territories,West Papua,West Papua,West Papua,,,,,,,province of Indonesia,areas and territories,NO,,,,,,,,,,,,
249,269,YE,YE,YEM,YEM,887,580,249,887,,Asia,Near East,Gulf Cooperation Council States and Yemen,member,Yemen,Yemen,the Republic of Yemen,,,1990,,Yemen,"Yemen,Democratic Yemen",,member,YES,World,1,Asia,142,Western Asia,145,Developing,4444,Least developed countries,,,
247,,,,,,720,,,,,,,,old,Democratic Yemen,Democratic Yemen,Democratic Yemen,,,,1989,,,,old,NO,,,,,,,,,,,,
246,,,,,,886,,,,,,,,old,Yemen,Yemen,Yemen,,,1947,1989,,,,old,NO,,,,,,,,,,,,
248,,YU,YU,YUG,YUG,890,,,,,Europe,,,old,Yugoslav SFR,Yugoslav SFR,Yugoslav SFR,,,,1991,,Serbia and Montenegro+Bosnia and Herzegovina+Croatia+Slovenia+Macedonia,,old,NO,,1,Europe,150,,39,,4444,,,,
251,270,ZM,ZM,ZMB,ZMB,894,288,251,894,,Africa,Africa,,member,Zambia,Zambia,the Republic of Zambia,,,1964,,,,,member,YES,World,1,Africa,2,Eastern Africa,14,Developing,4444,Least developed countries,Landlocked developing countries,,
3698,,,,EAZ,EAZ,835,,215,834,215,,,,areas and territories,Zanzibar,Zanzibar,Zanzibar,,,,,,,Tanzania,areas and territories,NO,,1,Africa,2,,14,,4444,,,,
181,271,ZW,ZW,ZWE,ZWE,716,265,181,716,,Africa,Africa,,member,Zimbabwe,Zimbabwe,the Republic of Zimbabwe,,,1980,,,,,member,YES,World,1,Africa,2,Eastern Africa,14,Developing,4444,,Landlocked developing countries,,
