FAOST_CODE,ADM0_CODE,ISO2_CODE,ISO2_WB_CODE,ISO3_CODE,ISO3_WB_CODE,UN_CODE,CRS_CODE,MOTHER_M49_CODE,FAO_STATUS_INFO,FAO_TABLE_NAME,ABBR_FAO_NAME,OFFICIAL_FAO_NAME,UNOFFICIAL1_NAME,UNOFFICIAL2_NAME,UNOFFICIAL3_NAME,OFFICIAL_WB_NAME,UN_YEAR_START_INFO,UN_YEAR_END_INFO,FORMER_MEMBER_INFO,COMPOSITION_INFO,FILIPPO_NOTE_INFO,UN_STATUS_INFO,M49,UNSD_WORLD_REG,UNSD_WORLD_REG_CODE,UNSD_MACRO_REG,UNSD_MACRO_REG_CODE,UNSD_SUB_REG,UNSD_SUB_REG_CODE,UNSD_DVDDVG_REG,UNSD_LDC_REG,UNSD_LLDC_REG,UNSD_SIDS_REG,UNSD_TRANS_REG,UNSD_OTHER_REG,REU_BOOK,FAO_REU_REG,FAO_REU_SUB_REG,RAP_BOOK,FAO_RAP_REG,FAO_RAP_SUB_REG,FAO_RAP_DVDDVG_REG,RAF_BOOK,FAO_RAF_REG,FAO_RAF_SUB_REG,FAO_RAF_COMESA_REG,FAO_RAF_ECOWAS_REG,FAO_RAF_ECCAS_REG,FAO_RAF_SADC_REG,FAO_RAF_IGAD_REG,FAO_RAF_UMA_REG,FAO_RAF_CEMAC_REG,FAO_RAF_UEMOA_REG,FAO_RAF_CENSAD_REG,LAC_BOOK,FAO_LAC_REG,FAO_LAC_SUB_REG,RNE_BOOK,FAO_RNE_REG,FAO_RNE_SUB_REG
2,1,AF,AF,AFG,AFG,4,625,4,member,Afghanistan,Afghanistan,the Islamic Republic of Afghanistan,,,,,1946,,,,,member,YES,World,1,Asia,142,Southern Asia,34,Developing,LeastDevelopedCountries,LandlockedDevelopingCountries,,,AsiaDeveloping,,REUrow,noREU,YES,RAPregion,RAPSouthSouthwestAsia,RAPDeveloping,,RAFrow,noRAF,,,,,,,,,,,LACrow,noLAC,,RNErow,noRNE
284,,AX,AX,ALA,ALA,248,,248,areas and territories,Åland Islands,Åland Islands,Åland Islands,,,,,2003,,,,Autonomous region of Finland,areas and territories,YES,World,1,Europe,150,Northern Europe,154,Developed,,,,,,,REUrow,noREU,,RAProw,noRAP,,,RAFrow,noRAF,,,,,,,,,,,LACrow,noLAC,,RNErow,noRNE
3,3,AL,AL,ALB,ALB,8,71,8,member,Albania,Albania,the Republic of Albania,,,,,1955,,,,,member,YES,World,1,Europe,150,Southern Europe,39,Developed,,,,TransitionCountriesOfSouth-EasternEurope,,YES,REUregion,REUSouthEasternEurope,,RAProw,noRAP,,,RAFrow,noRAF,,,,,,,,,,,LACrow,noLAC,,RNErow,noRNE
,,,,,,,,,areas and territories,Alderney,Alderney,Alderney,,,,,,,,,Dependency of Guernsey,areas and territories,NO,,,,,,,,,,,,,,,,,,,,,,,,,,,,,,,,,,,,,
4,4,DZ,DZ,DZA,DZA,12,130,12,member,Algeria,Algeria,the People's Democratic Republic of Algeria,,,,,1962,,,,,member,YES,World,1,Africa,2,Northern Africa,15,Developing,,,,,,,REUrow,noREU,,RAProw,noRAP,,YES,RAFrow,RAFNorthAfrica,,,,,,RAFuma,,,,,LACrow,noLAC,YES,RNEregion,RNEna
5,5,AS,AS,ASM,ASM,16,,16,areas and territories,American Samoa,American Samoa,American Samoa,,,,,,,,,Unincorporated territory of United States,areas and territories,YES,World,1,Oceania,9,Polynesia,61,Developing,,,SmallIslandDevelopingStates,,OceaniaDeveloping,,REUrow,noREU,,RAProw,noRAP,,,RAFrow,noRAF,,,,,,,,,,,LACrow,noLAC,,RNErow,noRNE
6,7,AD,AD,AND,ADO,20,,20,member,Andorra,Andorra,the Principality of Andorra,,,,,1993,,,,co-principality,member,YES,World,1,Europe,150,Southern Europe,39,Developed,,,,,,YES,REUregion,REUOtherAndEFTA,,RAProw,noRAP,,,RAFrow,noRAF,,,,,,,,,,,LACrow,noLAC,,RNErow,noRNE
7,8,AO,AO,AGO,AGO,24,225,24,member,Angola,Angola,the Republic of Angola,,,,,1976,,,,,member,YES,World,1,Africa,2,Middle Africa,17,Developing,LeastDevelopedCountries,,,,SubSaharanAfrica,,REUrow,noREU,,RAProw,noRAP,,YES,RAFregion,RAFSouthernAfrica,,,RAFeccas,RAFsadc,,,,,,,LACrow,noLAC,,RNErow,noRNE
258,9,AI,AI,AIA,AIA,660,376,660,areas and territories,Anguilla,Anguilla,Anguilla,,,,,,,,,United Kingdom overseas territory,areas and territories,YES,World,1,Americas,19,Caribbean,29,Developing,,,SmallIslandDevelopingStates,,,,REUrow,noREU,,RAProw,noRAP,,,RAFrow,noRAF,,,,,,,,,,,LACrow,noLAC,,RNErow,noRNE
30,10,AQ,AQ,ATA,ATA,0,,0,areas and territories,Antarctica,Antarctica,Antarctica,,,,,,,,,don't know how to behave,areas and territories,NO,,,,,,,,,,,,,,,,,,,,,,,,,,,,,,,,,,,,,
8,11,AG,AG,ATG,ATG,28,377,28,member,Antigua and Barbuda,Antigua and Barbuda,Antigua and Barbuda,,,,,1981,,,,Commonwealth realm,member,YES,World,1,Americas,19,Caribbean,29,Developing,,,SmallIslandDevelopingStates,,,,REUrow,noREU,,RAProw,noRAP,,,RAFrow,noRAF,,,,,,,,,,YES,LACregion,LACCaribbean,,RNErow,noRNE
9,12,AR,AR,ARG,ARG,32,425,32,member,Argentina,Argentina,the Argentine Republic,,,,,1945,,,,,member,YES,World,1,Americas,19,South America,5,Developing,,,,,,,REUrow,noREU,,RAProw,noRAP,,,RAFrow,noRAF,,,,,,,,,,YES,LACregion,LACSouthAmerica,,RNErow,noRNE
1,13,AM,AM,ARM,ARM,51,610,51,member,Armenia,Armenia,the Republic of Armenia,,,,,1992,,Union of Soviet Socialist Republic,,,member,YES,World,1,Asia,142,Western Asia,145,Developing,,LandlockedDevelopingCountries,,CommonwealthOfIndependentStates,AsiaDeveloping,YES,REUregion,REUCaucAndTurkey,,RAProw,noRAP,,,RAFrow,noRAF,,,,,,,,,,,LACrow,noLAC,,RNErow,noRNE
22,14,AW,AW,ABW,ABW,533,373,533,areas and territories,Aruba,Aruba,Aruba,,,,,1986,,Netherlands Antilles,,Constituent country of the Kingdom of the Netherlands,areas and territories,YES,World,1,Americas,19,Caribbean,29,Developing,,,SmallIslandDevelopingStates,,,,REUrow,noREU,,RAProw,noRAP,,,RAFrow,noRAF,,,,,,,,,,,LACrow,noLAC,,RNErow,noRNE
,16,,,,,,,36,areas and territories,Ashmore and Cartier Islands,Ashmore and Cartier Islands,Ashmore and Cartier Islands,,,,,,,,,External territory of Australia,areas and territories,NO,,,,,,,,,,,,,,,,,,,,,,,,,,,,,,,,,,,,,
10,17,AU,AU,AUS,AUS,36,801,36,member,Australia,Australia,Australia,,,,,1945,,,,Commonwealth realm,member,YES,World,1,Oceania,9,Australia and New Zealand,53,Developed,,,,,,,REUrow,noREU,YES,RAPregion,RAPDevelopedCountries,RAPDeveloped,,RAFrow,noRAF,,,,,,,,,,,LACrow,noLAC,,RNErow,noRNE
,,,,,,,,36,,Australian Antarctic Territory,Australian Antarctic Territory,Australian Antarctic Territory,,,,,,,,,External territory of Australia,areas and territories,NO,,,,,,,,,,,,,,,,,,,,,,,,,,,,,,,,,,,,,
11,18,AT,AT,AUT,AUT,40,1,40,member,Austria,Austria,the Republic of Austria,,,,,1955,,,,,member,YES,World,1,Europe,150,Western Europe,155,Developed,,,,,,YES,REUregion,REUOtherAndEFTA,,RAProw,noRAP,,,RAFrow,noRAF,,,,,,,,,,,LACrow,noLAC,,RNErow,noRNE
52,19,AZ,AZ,AZE,AZE,31,611,31,member,Azerbaijan,Azerbaijan,the Republic of Azerbaijan,,,,,1992,,Union of Soviet Socialist Republic,,,member,YES,World,1,Asia,142,Western Asia,145,Developing,,LandlockedDevelopingCountries,,CommonwealthOfIndependentStates,AsiaDeveloping,YES,REUregion,REUCaucAndTurkey,,RAProw,noRAP,,,RAFrow,noRAF,,,,,,,,,,,LACrow,noLAC,,RNErow,noRNE
12,20,BS,BS,BHS,BHS,44,328,44,member,Bahamas,the Bahamas,the Commonwealth of the Bahamas,Bahamas,"Bahamas, The",,,1973,,,,,member,YES,World,1,Americas,19,Caribbean,29,Developing,,,SmallIslandDevelopingStates,,,,REUrow,noREU,,RAProw,noRAP,,,RAFrow,noRAF,,,,,,,,,,YES,LACregion,LACCaribbean,,RNErow,noRNE
13,21,BH,BH,BHR,BHR,48,530,48,member,Bahrain,Bahrain,the Kingdom of Bahrain,,,,,1971,,,,,member,YES,World,1,Asia,142,Western Asia,145,Developing,,,,,AsiaDeveloping,,REUrow,noREU,,RAProw,noRAP,,,RAFrow,noRAF,,,,,,,,,,,LACrow,noLAC,YES,RNEregion,RNEgccsy
,22,,,,,,,840,areas and territories,Baker Island,Baker Island,Baker Island,,,,,,,,,Uninhabited possession of the United States,areas and territories,NO,,,,,,,,,,,,,,,,,,,,,,,,,,,,,,,,,,,,,
16,23,BD,BD,BGD,BGD,50,666,50,member,Bangladesh,Bangladesh,the People's Republic of Bangladesh,,,,,1974,,,,,member,YES,World,1,Asia,142,Southern Asia,34,Developing,LeastDevelopedCountries,,,,AsiaDeveloping,,REUrow,noREU,YES,RAPregion,RAPSouthSouthwestAsia,RAPDeveloping,,RAFrow,noRAF,,,,,,,,,,,LACrow,noLAC,,RNErow,noRNE
14,24,BB,BB,BRB,BRB,52,329,52,member,Barbados,Barbados,Barbados,,,,,1966,,,,,member,YES,World,1,Americas,19,Caribbean,29,Developing,,,SmallIslandDevelopingStates,,,,REUrow,noREU,,RAProw,noRAP,,,RAFrow,noRAF,,,,,,,,,,YES,LACregion,LACCaribbean,,RNErow,noRNE
57,26,BY,BY,BLR,BLR,112,86,112,member,Belarus,Belarus,the Republic of Belarus,,,,,1992,,Union of Soviet Socialist Republic,,,member,YES,World,1,Europe,150,Eastern Europe,151,Developed,,,,,,YES,REUregion,REUCISeurope,,RAProw,noRAP,,,RAFrow,noRAF,,,,,,,,,,,LACrow,noLAC,,RNErow,noRNE
255,27,BE,BE,BEL,BEL,56,2,56,member,Belgium,Belgium,the Kingdom of Belgium,,,,,1945,,Belgium-Luxembourg,,,member,YES,World,1,Europe,150,Western Europe,155,Developed,,,,,,YES,REUregion,REUOtherAndEFTA,,RAProw,noRAP,,,RAFrow,noRAF,,,,,,,,,,,LACrow,noLAC,,RNErow,noRNE
15,,,,,,,,,old,Belgium-Luxembourg,Belgium-Luxembourg,Belgium-Luxembourg,,,,,,1999,,"Belgium, Luxembourg",don't know how to behave,old,NO,World,1,Europe,150,Western Europe,155,Developed,,,,,,,,,,,,,,,,,,,,,,,,,,,,,,
23,28,BZ,BZ,BLZ,BLZ,84,352,84,member,Belize,Belize,Belize,,,,,1981,,,,,member,YES,World,1,Americas,19,Central America,13,Developing,,,SmallIslandDevelopingStates,,,,REUrow,noREU,,RAProw,noRAP,,,RAFrow,noRAF,,,,,,,,,,YES,LACregion,LACCentralAmerica,,RNErow,noRNE
53,29,BJ,BJ,BEN,BEN,204,236,204,member,Benin,Benin,the Republic of Benin,,,,,1960,,,,,member,YES,World,1,Africa,2,Western Africa,11,Developing,LeastDevelopedCountries,,,,SubSaharanAfrica,,REUrow,noREU,,RAProw,noRAP,,YES,RAFregion,RAFWestAfrica,,RAFecowas,,,,,,RAFuemoa,RAFcensad,,LACrow,noLAC,,RNErow,noRNE
17,30,BM,BM,BMU,BMU,60,331,60,areas and territories,Bermuda,Bermuda,Bermuda,,,,,,,,,United Kingdom overseas territory,areas and territories,YES,World,1,Americas,19,Northern America,21,Developed,,,,,,,REUrow,noREU,,RAProw,noRAP,,,RAFrow,noRAF,,,,,,,,,,,LACrow,noLAC,,RNErow,noRNE
18,31,BT,BT,BTN,BTN,64,630,64,member,Bhutan,Bhutan,the Kingdom of Bhutan,,,,,1971,,,,,member,YES,World,1,Asia,142,Southern Asia,34,Developing,LeastDevelopedCountries,LandlockedDevelopingCountries,,,AsiaDeveloping,,REUrow,noREU,YES,RAPregion,RAPSouthSouthwestAsia,RAPDeveloping,,RAFrow,noRAF,,,,,,,,,,,LACrow,noLAC,,RNErow,noRNE
,32,,,,,,,84,areas and territories,Bird Island,Bird Island,Bird Island,,,,,,,,,Territory of Belize,areas and territories,NO,,,,,,,,,,,,,,,,,,,,,,,,,,,,,,,,,,,,,
19,33,BO,BO,BOL,BOL,68,428,68,member,Bolivia (Plurinational State of),Bolivia (Plurinational State of),the Plurinational State of Bolivia,Bolivia,,,,1945,,,,,member,YES,World,1,Americas,19,South America,5,Developing,,LandlockedDevelopingCountries,,,,,REUrow,noREU,,RAProw,noRAP,,,RAFrow,noRAF,,,,,,,,,,YES,LACregion,LACSouthAmerica,,RNErow,noRNE
278,,BQ,BQ,BES,BES,535,,535,areas and territories,"Bonaire, Sint Eustatius and Saba","Bonaire, Sint Eustatius and Saba","Bonaire, Sint Eustatius and Saba",,,,,2010,,Netherlands Antilles,,Special municipality of the Netherlands,areas and territories,YES,World,1,Americas,19,Caribbean,29,Developing,,,,,,,REUrow,noREU,,RAProw,noRAP,,,RAFrow,noRAF,,,,,,,,,,,LACrow,noLAC,,RNErow,noRNE
80,34,BA,BA,BIH,BIH,70,64,70,member,Bosnia and Herzegovina,Bosnia and Herzegovina,Bosnia and Herzegovina,,,,,1992,,Socialist Federal Republic of Yugoslavia,,,member,YES,World,1,Europe,150,Southern Europe,39,Developed,,,,TransitionCountriesOfSouth-EasternEurope,,YES,REUregion,REUSouthEasternEurope,,RAProw,noRAP,,,RAFrow,noRAF,,,,,,,,,,,LACrow,noLAC,,RNErow,noRNE
20,35,BW,BW,BWA,BWA,72,227,72,member,Botswana,Botswana,the Republic of Botswana,,,,,1966,,,,,member,YES,World,1,Africa,2,Southern Africa,18,Developing,,LandlockedDevelopingCountries,,,SubSaharanAfrica,,REUrow,noREU,,RAProw,noRAP,,YES,RAFregion,RAFSouthernAfrica,,,,RAFsadc,,,,,,,LACrow,noLAC,,RNErow,noRNE
31,36,BV,BV,BVT,BVT,0,,578,areas and territories,Bouvet Island,Bouvet Island,Bouvet Island,,,,,,,,,Dependency of Norway,areas and territories,NO,,,,,,,,,,,,,,,,,,,,,,,,,,,,,,,,,,,,,
21,37,BR,BR,BRA,BRA,76,431,76,member,Brazil,Brazil,the Federative Republic of Brazil,,,,,1945,,,,,member,YES,World,1,Americas,19,South America,5,Developing,,,,,,,REUrow,noREU,,RAProw,noRAP,,,RAFrow,noRAF,,,,,,,,,,YES,LACregion,LACSouthAmerica,,RNErow,noRNE
,,,,,,,,826,,British Antarctic Territory,British Antarctic Territory,British Antarctic Territory,,,,,,,,,United Kingdom overseas territory,areas and territories,NO,,,,,,,,,,,,,,,,,,,,,,,,,,,,,,,,,,,,,
24,38,IO,IO,IOT,IOT,86,,826,areas and territories,British Indian Ocean Territory,British Indian Ocean Territory,British Indian Ocean Territory,,,,,,,,,United Kingdom overseas territory,areas and territories,NO,,,,,,,,,,,,,,,,,,,,,,,,,,,,,,,,,,,,,
239,39,VG,VG,VGB,VGB,92,388,92,areas and territories,British Virgin Islands,British Virgin Islands,the British Virgin Islands,,,,,,,,,United Kingdom overseas territory,areas and territories,YES,World,1,Americas,19,Caribbean,29,Developing,,,SmallIslandDevelopingStates,,,,REUrow,noREU,,RAProw,noRAP,,,RAFrow,noRAF,,,,,,,,,,,LACrow,noLAC,,RNErow,noRNE
26,40,BN,BN,BRN,BRN,96,725,96,non member,Brunei Darussalam,Brunei Darussalam,Brunei Darussalam,Brunei,,,,1984,,,,,member,YES,World,1,Asia,142,South-Eastern Asia,35,Developing,,,,,AsiaDeveloping,,REUrow,noREU,,RAProw,noRAP,,,RAFrow,noRAF,,,,,,,,,,,LACrow,noLAC,,RNErow,noRNE
27,41,BG,BG,BGR,BGR,100,72,100,member,Bulgaria,Bulgaria,the Republic of Bulgaria,,,,,1955,,,,,member,YES,World,1,Europe,150,Eastern Europe,151,Developed,,,,,,YES,REUregion,REUCentralEasternEurope,,RAProw,noRAP,,,RAFrow,noRAF,,,,,,,,,,,LACrow,noLAC,,RNErow,noRNE
233,42,BF,BF,BFA,BFA,854,287,854,member,Burkina Faso,Burkina Faso,Burkina Faso,,,,,1960,,,,,member,YES,World,1,Africa,2,Western Africa,11,Developing,LeastDevelopedCountries,LandlockedDevelopingCountries,,,SubSaharanAfrica,,REUrow,noREU,,RAProw,noRAP,,YES,RAFregion,RAFWestAfrica,,RAFecowas,,,,,,RAFuemoa,RAFcensad,,LACrow,noLAC,,RNErow,noRNE
29,43,BI,BI,BDI,BDI,108,228,108,member,Burundi,Burundi,the Republic of Burundi,,,,,1962,,,,,member,YES,World,1,Africa,2,Eastern Africa,14,Developing,LeastDevelopedCountries,LandlockedDevelopingCountries,,,SubSaharanAfrica,,REUrow,noREU,,RAProw,noRAP,,YES,RAFregion,RAFEastAfrica,RAFcomesa,,RAFeccas,,,,,,,,LACrow,noLAC,,RNErow,noRNE
115,44,KH,KH,KHM,KHM,116,728,116,member,Cambodia,Cambodia,the Kingdom of Cambodia,,,,,1955,,,,,member,YES,World,1,Asia,142,South-Eastern Asia,35,Developing,LeastDevelopedCountries,,,,AsiaDeveloping,,REUrow,noREU,YES,RAPregion,RAPSoutheastAsia,RAPDeveloping,,RAFrow,noRAF,,,,,,,,,,,LACrow,noLAC,,RNErow,noRNE
32,45,CM,CM,CMR,CMR,120,229,120,member,Cameroon,Cameroon,the Republic of Cameroon,,,,,1960,,,,,member,YES,World,1,Africa,2,Middle Africa,17,Developing,,,,,SubSaharanAfrica,,REUrow,noREU,,RAProw,noRAP,,YES,RAFregion,RAFCentralAfrica,,,RAFeccas,,,,RAFcemac,,,,LACrow,noLAC,,RNErow,noRNE
33,46,CA,CA,CAN,CAN,124,301,124,member,Canada,Canada,Canada,,,,,1945,,,,,member,YES,World,1,Americas,19,Northern America,21,Developed,,,,,,,REUrow,noREU,,RAProw,noRAP,,,RAFrow,noRAF,,,,,,,,,,YES,LACregion,LACNorthAmerica,,RNErow,noRNE
,,,,,,,,724,areas and territories,Canary Island,Canary Island,Canary Island,,,,,,,,,Part of Spain,areas and territories,NO,,,,,,,,,,,,,,,,,,,,,,,,,,,,,,,,,,,,,
34,,,,,,,,296,areas and territories,Canton and Enderbury Islands,Cantony and Enderbury Islands,Cantony and Enderbury Islands,,,,,,,,,Part of Kiribati,areas and territories,NO,,,,,,,,,,,,,,,,,,,,,,,,,,,,,,,,,,,,,
35,47,CV,CV,CPV,CPV,132,230,132,member,Cape Verde,Cape Verde,the Republic of Cape Verde,,,,,1975,,,,,member,YES,World,1,Africa,2,Western Africa,11,Developing,,,SmallIslandDevelopingStates,,SubSaharanAfrica,,REUrow,noREU,,RAProw,noRAP,,YES,RAFregion,RAFWestAfrica,,RAFecowas,,,,,,,,,LACrow,noLAC,,RNErow,noRNE
36,48,KY,KY,CYM,CYM,136,386,136,areas and territories,Cayman Islands,Cayman Islands,Cayman Islands,,,,,1960,,,,United Kingdom overseas territory,areas and territories,YES,World,1,Americas,19,Caribbean,29,Developing,,,,,,,REUrow,noREU,,RAProw,noRAP,,,RAFrow,noRAF,,,,,,,,,,,LACrow,noLAC,,RNErow,noRNE
37,49,CF,CF,CAF,CAF,140,231,140,member,Central African Republic,Central African Republic,the Central African Republic,,,,,1960,,,,,member,YES,World,1,Africa,2,Middle Africa,17,Developing,LeastDevelopedCountries,LandlockedDevelopingCountries,,,SubSaharanAfrica,,REUrow,noREU,,RAProw,noRAP,,YES,RAFregion,RAFCentralAfrica,,,RAFeccas,,,,RAFcemac,,RAFcensad,,LACrow,noLAC,,RNErow,noRNE
39,50,TD,TD,TCD,TCD,148,232,148,member,Chad,Chad,the Republic of Chad,,,,,1960,,,,,member,YES,World,1,Africa,2,Middle Africa,17,Developing,LeastDevelopedCountries,LandlockedDevelopingCountries,,,SubSaharanAfrica,,REUrow,noREU,,RAProw,noRAP,,YES,RAFregion,RAFCentralAfrica,,,RAFeccas,,,,RAFcemac,,RAFcensad,,LACrow,noLAC,,RNErow,noRNE
259,,,JG,CHI,CHI,830,,,areas and territories,Channel Islands,Channel Islands,Channel Islands,,,,,,,,"Jersey, Guernsey",british crown dependencies,areas and territories,YES,World,1,Europe,150,Northern Europe,154,Developed,,,,,,,REUrow,noREU,,RAProw,noRAP,,,RAFrow,noRAF,,,,,,,,,,,LACrow,noLAC,,RNErow,noRNE
40,51,CL,CL,CHL,CHL,152,434,152,member,Chile,Chile,the Republic of Chile,,,,,1945,,,,,member,YES,World,1,Americas,19,South America,5,Developing,,,,,,,REUrow,noREU,,RAProw,noRAP,,,RAFrow,noRAF,,,,,,,,,,YES,LACregion,LACSouthAmerica,,RNErow,noRNE
351,,,,,,,,156,member,China,China,"China (China mainland, Hong Kong SAR, Macao SAR, Taiwan)",,,,,1945,,,"China,Hong Kong,Macau,Taiwan",,member,NO,World,,Asia,142,Eastern Asia,30,Developing,,,,,AsiaDeveloping,,,,YES,RAPregion,RAPEastAsia,RAPDeveloping,,,,,,,,,,,,,,,,,,
41,53,CN,CN,CHN,CHN,,730,156,areas and territories,China,China,the People's Republic of China,,,,,,,,,,areas and territories,NO,World,,Asia,142,Eastern Asia,30,Developing,,,,,AsiaDeveloping,,,,,RAPregion,RAPEastAsia,RAPDeveloping,,,,,,,,,,,,,,,,,,
357,,,,,,156,,156,areas and territories,China,China,"China (China mainland, Taiwan)",,,,,,,,"China,Taiwan",,areas and territories,YES,World,1,Asia,142,Eastern Asia,30,Developing,,,,,AsiaDeveloping,,REUrow,noREU,,RAPregion,RAPEastAsia,RAPDeveloping,,RAFrow,noRAF,,,,,,,,,,,LACrow,noLAC,,RNErow,noRNE
96,33364,HK,HK,HKG,HKG,344,735,344,areas and territories,"China, Hong Kong SAR","China, Hong Kong SAR","China, Hong Kong Special Administrative Region",Hong Kong SAR of China,,,,,,,,Special administrative region of China,areas and territories,YES,World,1,Asia,142,Eastern Asia,30,Developing,,,,,AsiaDeveloping,,REUrow,noREU,,RAPregion,RAPEastAsia,RAPDeveloping,,RAFrow,noRAF,,,,,,,,,,,LACrow,noLAC,,RNErow,noRNE
128,149,MO,MO,MAC,MAC,446,748,446,areas and territories,"China, Macao SAR","China, Macao SAR","China, Macao Special Administrative Region",Macao SAR of China,,,,,,,,Special administrative region of China,areas and territories,YES,World,1,Asia,142,Eastern Asia,30,Developing,,,,,AsiaDeveloping,,REUrow,noREU,,RAPregion,RAPEastAsia,RAPDeveloping,,RAFrow,noRAF,,,,,,,,,,,LACrow,noLAC,,RNErow,noRNE
42,54,CX,CX,CXR,CXR,162,,36,areas and territories,Christmas Island,Christmas Island,Christmas Island,,,,,,,,,External territory of Australia,areas and territories,NO,,,,,,,,,,,,,,,,,,,,,,,,,,,,,,,,,,,,,
,55,,,,,,,250,areas and territories,Clipperton Island,Clipperton Island,Clipperton Island,,,,,,,,,French overseas territory,areas and territories,NO,,,,,,,,,,,,,,,,,,,,,,,,,,,,,,,,,,,,,
43,56,CC,CC,CCK,CCK,166,,36,areas and territories,Cocos (Keeling) Islands,Cocos (Keeling) Islands,Cocos (Keeling) Islands,,,,,,,,,External territory of Australia,areas and territories,NO,,,,,,,,,,,,,,,,,,,,,,,,,,,,,,,,,,,,,
44,57,CO,CO,COL,COL,170,437,170,member,Colombia,Colombia,the Republic of Colombia,,,,,1945,,,,,member,YES,World,1,Americas,19,South America,5,Developing,,,,,,,REUrow,noREU,,RAProw,noRAP,,,RAFrow,noRAF,,,,,,,,,,YES,LACregion,LACSouthAmerica,,RNErow,noRNE
45,58,KM,KM,COM,COM,174,233,174,member,Comoros,the Comoros,the Union of the Comoros,Comoros,,,,1975,,,,,member,YES,World,1,Africa,2,Eastern Africa,14,Developing,LeastDevelopedCountries,,SmallIslandDevelopingStates,,SubSaharanAfrica,,REUrow,noREU,,RAProw,noRAP,,YES,RAFregion,RAFSouthernAfrica,RAFcomesa,,,,,,,,RAFcensad,,LACrow,noLAC,,RNErow,noRNE
46,59,CG,CG,COG,COG,178,234,178,member,Congo,Congo,the Republic of the Congo,,,,,1960,,,,,member,YES,World,1,Africa,2,Middle Africa,17,Developing,,,,,SubSaharanAfrica,,REUrow,noREU,,RAProw,noRAP,,YES,RAFregion,RAFCentralAfrica,,,RAFeccas,,,,RAFcemac,,,,LACrow,noLAC,,RNErow,noRNE
47,60,CK,CK,COK,COK,184,831,184,member,Cook Islands,the Cook Islands,the Cook Islands,Cook Islands,,,,,,,,Associated State of New Zealand,areas and territories,YES,World,1,Oceania,9,Polynesia,61,Developing,,,SmallIslandDevelopingStates,,OceaniaDeveloping,,REUrow,noREU,YES,RAPregion,RAPPacificIslands,RAPDeveloping,,RAFrow,noRAF,,,,,,,,,,,LACrow,noLAC,,RNErow,noRNE
,,,,,,,,36,areas and territories,Coral Sea Islands Territory,Coral Sea Islands Territory,Coral Sea Islands Territory,,,,,,,,,External territory of Australia,areas and territories,NO,,,,,,,,,,,,,,,,,,,,,,,,,,,,,,,,,,,,,
48,61,CR,CR,CRI,CRI,188,336,188,member,Costa Rica,Costa Rica,the Republic of Costa Rica,,,,,1945,,,,,member,YES,World,1,Americas,19,Central America,13,Developing,,,,,,,REUrow,noREU,,RAProw,noRAP,,,RAFrow,noRAF,,,,,,,,,,YES,LACregion,LACCentralAmerica,,RNErow,noRNE
107,66,CI,CI,CIV,CIV,384,247,384,member,Côte d'Ivoire,Côte d'Ivoire,the Republic of Côte d'Ivoire,Cote d'Ivoire,,,,1960,,,,,member,YES,World,1,Africa,2,Western Africa,11,Developing,,,,,SubSaharanAfrica,,REUrow,noREU,,RAProw,noRAP,,YES,RAFregion,RAFWestAfrica,,RAFecowas,,,,,,RAFuemoa,RAFcensad,,LACrow,noLAC,,RNErow,noRNE
98,62,HR,HR,HRV,HRV,191,62,191,member,Croatia,Croatia,the Republic of Croatia,,,,,1992,,Socialist Federal Republic of Yugoslavia,,,member,YES,World,1,Europe,150,Southern Europe,39,Developed,,,,TransitionCountriesOfSouth-EasternEurope,,YES,REUregion,REUSouthEasternEurope,,RAProw,noRAP,,,RAFrow,noRAF,,,,,,,,,,,LACrow,noLAC,,RNErow,noRNE
49,63,CU,CU,CUB,CUB,192,338,192,member,Cuba,Cuba,the Republic of Cuba,,,,,1945,,,,,member,YES,World,1,Americas,19,Caribbean,29,Developing,,,SmallIslandDevelopingStates,,,,REUrow,noREU,,RAProw,noRAP,,,RAFrow,noRAF,,,,,,,,,,YES,LACregion,LACCaribbean,,RNErow,noRNE
279,,CW,CW,CUW,CUW,531,,531,areas and territories,Curaçao,Curaçao,Curaçao,,,,,2010,,Netherlands Antilles,,Constituent country of the Kingdom of the Netherlands,areas and territories,YES,World,1,Americas,19,Caribbean,29,Developing,,,,,,,REUrow,noREU,,RAProw,noRAP,,,RAFrow,noRAF,,,,,,,,,,,LACrow,noLAC,,RNErow,noRNE
50,64,CY,CY,CYP,CYP,196,30,196,member,Cyprus,Cyprus,the Republic of Cyprus,,,,,1960,,,,,member,YES,World,1,Asia,142,Western Asia,145,Developing,,,,,AsiaDeveloping,YES,REUregion,REUOtherAndEFTA,,RAProw,noRAP,,,RAFrow,noRAF,,,,,,,,,,,LACrow,noLAC,,RNErow,noRNE
167,65,CZ,CZ,CZE,CZE,203,,203,member,Czech Republic,the Czech Republic,the Czech Republic,Czech Republic,Czech Rep,,,1993,,Czechoslovakia,,,member,YES,World,1,Europe,150,Eastern Europe,151,Developed,,,,,,YES,REUregion,REUCentralEasternEurope,,RAProw,noRAP,,,RAFrow,noRAF,,,,,,,,,,,LACrow,noLAC,,RNErow,noRNE
51,,CS,CS,CSK,CSK,200,,,old,Czechoslovakia,Czechoslovakia,Czechoslovakia,,,,,,1992,,"Czech Republic,Slovakia",,old,NO,World,1,Europe,150,Eastern Europe,151,Developed,,,,,,,,,,,,,,,,,,,,,,,,,,,,,,
116,67,KP,KP,PRK,PRK,408,740,408,member,Democratic People's Republic of Korea,Democratic People's Republic of Korea,Democratic People's Republic of Korea,,,,,1991,,,,,member,YES,World,1,Asia,142,Eastern Asia,30,Developing,,,,,AsiaDeveloping,,REUrow,noREU,YES,RAPregion,RAPEastAsia,RAPDeveloping,,RAFrow,noRAF,,,,,,,,,,,LACrow,noLAC,,RNErow,noRNE
250,68,CD,CD,COD,ZAR,180,235,180,member,Democratic Republic of the Congo,the Democratic Republic of the Congo,the Democratic Republic of the Congo,Democratic Republic of the Congo,,,,1960,,,,,member,YES,World,1,Africa,2,Middle Africa,17,Developing,LeastDevelopedCountries,,,,SubSaharanAfrica,,REUrow,noREU,,RAProw,noRAP,,YES,RAFregion,RAFCentralAfrica,RAFcomesa,,RAFeccas,RAFsadc,,,,,,,LACrow,noLAC,,RNErow,noRNE
54,69,DK,DK,DNK,DNK,208,3,208,member,Denmark,Denmark,the Kingdom of Denmark,,,,,1945,,,,,member,YES,World,1,Europe,150,Northern Europe,154,Developed,,,,,,YES,REUregion,REUOtherAndEFTA,,RAProw,noRAP,,,RAFrow,noRAF,,,,,,,,,,,LACrow,noLAC,,RNErow,noRNE
,40763,,,,,,,826,areas and territories,Dhekelia and Akrotiri,Dhekelia and Akrotiri SBAs,Dhekelia and Akrotiri SBAs,,,,,,,,,United Kingdom overseas territory,areas and territories,NO,,,,,,,,,,,,,,,,,,,,,,,,,,,,,,,,,,,,,
,,,,,,,,,areas and territories,Diego Garcia,Diego Garcia,Diego Garcia,,,,,,,,,United Kingdom overseas territory,areas and territories,NO,,,,,,,,,,,,,,,,,,,,,,,,,,,,,,,,,,,,,
72,70,DJ,DJ,DJI,DJI,262,274,262,member,Djibouti,Djibouti,the Republic of Djibouti,,,,,1977,,,,,member,YES,World,1,Africa,2,Eastern Africa,14,Developing,LeastDevelopedCountries,,,,SubSaharanAfrica,,REUrow,noREU,,RAProw,noRAP,,YES,RAFregion,RAFEastAfrica,RAFcomesa,,,,RAFigad,,,,RAFcensad,,LACrow,noLAC,,RNErow,noRNE
55,71,DM,DM,DMA,DMA,212,378,212,member,Dominica,Dominica,the Commonwealth of Dominica,,,,,1978,,,,,member,YES,World,1,Americas,19,Caribbean,29,Developing,,,SmallIslandDevelopingStates,,,,REUrow,noREU,,RAProw,noRAP,,,RAFrow,noRAF,,,,,,,,,,YES,LACregion,LACCaribbean,,RNErow,noRNE
56,72,DO,DO,DOM,DOM,214,340,214,member,Dominican Republic,the Dominican Republic,the Dominican Republic,Dominican Republic,,,,1945,,,,,member,YES,World,1,Americas,19,Caribbean,29,Developing,,,SmallIslandDevelopingStates,,,,REUrow,noREU,,RAProw,noRAP,,,RAFrow,noRAF,,,,,,,,,,YES,LACregion,LACCaribbean,,RNErow,noRNE
58,73,EC,EC,ECU,ECU,218,440,218,member,Ecuador,Ecuador,the Republic of Ecuador,,,,,1945,,,,,member,YES,World,1,Americas,19,South America,5,Developing,,,,,,,REUrow,noREU,,RAProw,noRAP,,,RAFrow,noRAF,,,,,,,,,,YES,LACregion,LACSouthAmerica,,RNErow,noRNE
59,40765,EG,EG,EGY,EGY,818,142,818,member,Egypt,Egypt,the Arab Republic of Egypt,"Egypt, Arab Rep.",,,,1945,,,,,member,YES,World,1,Africa,2,Northern Africa,15,Developing,,,,,,,REUrow,noREU,,RAProw,noRAP,,YES,RAFrow,RAFNorthAfrica,RAFcomesa,,,,,,,,RAFcensad,,LACrow,noLAC,YES,RNEregion,RNEome
60,75,SV,SV,SLV,SLV,222,342,222,member,El Salvador,El Salvador,the Republic of El Salvador,,,,,1945,,,,,member,YES,World,1,Americas,19,Central America,13,Developing,,,,,,,REUrow,noREU,,RAProw,noRAP,,,RAFrow,noRAF,,,,,,,,,,YES,LACregion,LACCentralAmerica,,RNErow,noRNE
,,,,,,,,826,areas and territories,England and Wales,England and Wales,England and Wales,,,,,,,,,england and wales,areas and territories,NO,,,,,,,,,,,,,,,,,,,,,,,,,,,,,,,,,,,,,
61,76,GQ,GQ,GNQ,GNQ,226,245,226,member,Equatorial Guinea,Equatorial Guinea,the Republic of Equatorial Guinea,,,,,1968,,,,,member,YES,World,1,Africa,2,Middle Africa,17,Developing,LeastDevelopedCountries,,,,SubSaharanAfrica,,REUrow,noREU,,RAProw,noRAP,,YES,RAFregion,RAFCentralAfrica,,,RAFeccas,,,,RAFcemac,,,,LACrow,noLAC,,RNErow,noRNE
178,77,ER,ER,ERI,ERI,232,271,232,member,Eritrea,Eritrea,the State of Eritrea,,,,,1993,,Ethiopia PDR,,,member,YES,World,1,Africa,2,Eastern Africa,14,Developing,LeastDevelopedCountries,,,,SubSaharanAfrica,,REUrow,noREU,,RAProw,noRAP,,YES,RAFregion,RAFEastAfrica,RAFcomesa,,,,RAFigad,,,,RAFcensad,,LACrow,noLAC,,RNErow,noRNE
63,78,EE,EE,EST,EST,233,,233,member,Estonia,Estonia,the Republic of Estonia,,,,,1992,,Union of Soviet Socialist Republic,,,member,YES,World,1,Europe,150,Northern Europe,154,Developed,,,,,,,REUrow,noREU,,RAProw,noRAP,,,RAFrow,noRAF,,,,,,,,,,,LACrow,noLAC,,RNErow,noRNE
238,79,ET,ET,ETH,ETH,231,238,231,member,Ethiopia,Ethiopia,the Federal Democratic Republic of Ethiopia,,,,,1993,,Ethiopia PDR,,,member,YES,World,1,Africa,2,Eastern Africa,14,Developing,LeastDevelopedCountries,LandlockedDevelopingCountries,,,SubSaharanAfrica,,REUrow,noREU,,RAProw,noRAP,,YES,RAFregion,RAFEastAfrica,RAFcomesa,,,,RAFigad,,,,,,LACrow,noLAC,,RNErow,noRNE
62,,,,,,230,,,old,Ethiopia PDR,Ethiopia PDR,Ethiopia PDR,,,,,,1992,,"Eritrea,Ethiopia",,old,NO,World,1,Africa,2,Eastern Africa,14,Developing,LeastDevelopedCountries,LandlockedDevelopingCountries,,,SubSaharanAfrica,,,,,,,,,,,,,,,,,,,,,,,,,
65,81,FK,FK,FLK,FLK,238,443,238,areas and territories,Falkland Islands (Malvinas),Falkland Islands (Malvinas),the Falkland Islands (Malvinas),,,,,,,,,United Kingdom overseas territory,areas and territories,YES,World,1,Americas,19,South America,5,Developing,,,,,,,REUrow,noREU,,RAProw,noRAP,,,RAFrow,noRAF,,,,,,,,,,,LACrow,noLAC,,RNErow,noRNE
64,82,FO,FO,FRO,FRO,234,,234,associate member,Faroe Islands,Faroe Islands,Faroe Islands,,,,,,,,,Self-governing territory of The Danish Realm,areas and territories,YES,World,1,Europe,150,Northern Europe,154,Developed,,,,,,,REUrow,noREU,,RAProw,noRAP,,,RAFrow,noRAF,,,,,,,,,,,LACrow,noLAC,,RNErow,noRNE
66,83,FJ,FJ,FJI,FJI,242,832,242,member,Fiji,Fiji,the Republic of Fiji,,,,,1970,,,,,member,YES,World,1,Oceania,9,Melanesia,54,Developing,,,SmallIslandDevelopingStates,,OceaniaDeveloping,,REUrow,noREU,YES,RAPregion,RAPPacificIslands,RAPDeveloping,,RAFrow,noRAF,,,,,,,,,,,LACrow,noLAC,,RNErow,noRNE
67,84,FI,FI,FIN,FIN,246,18,246,member,Finland,Finland,the Republic of Finland,,,,,1955,,,,,member,YES,World,1,Europe,150,Northern Europe,154,Developed,,,,,,YES,REUregion,REUOtherAndEFTA,,RAProw,noRAP,,,RAFrow,noRAF,,,,,,,,,,,LACrow,noLAC,,RNErow,noRNE
68,85,FR,FR,FRA,FRA,250,4,250,member,France,France,the French Republic,,,,,1945,,,,,member,YES,World,1,Europe,150,Western Europe,155,Developed,,,,,,YES,REUregion,REUOtherAndEFTA,,RAProw,noRAP,,,RAFrow,noRAF,,,,,,,,,,,LACrow,noLAC,,RNErow,noRNE
69,86,GF,GF,GUF,GUF,254,,254,areas and territories,French Guiana,French Guiana,French Guiana,,,,,,,,,French overseas region/department,areas and territories,YES,World,1,Americas,19,South America,5,Developing,,,,,,,REUrow,noREU,,RAProw,noRAP,,,RAFrow,noRAF,,,,,,,,,,,LACrow,noLAC,,RNErow,noRNE
70,87,PF,PF,PYF,PYF,258,840,258,areas and territories,French Polynesia,French Polynesia,French Polynesia,,,,,,,,,French overseas territory,areas and territories,YES,World,1,Oceania,9,Polynesia,61,Developing,,,SmallIslandDevelopingStates,,OceaniaDeveloping,,REUrow,noREU,,RAProw,noRAP,,,RAFrow,noRAF,,,,,,,,,,,LACrow,noLAC,,RNErow,noRNE
71,88,TF,TF,ATF,ATF,260,,250,areas and territories,French Southern and Antarctic Territories,French Southern and Antarctic Territories,French Southern and Antarctic Territories,,,,,,,,,French overseas territory,areas and territories,NO,,,,,,,,,,,,,,,,,,,,,,,,,,,,,,,,,,,,,
74,89,GA,GA,GAB,GAB,266,239,266,member,Gabon,Gabon,the Gabonese Republic,,,,,1960,,,,,member,YES,World,1,Africa,2,Middle Africa,17,Developing,,,,,SubSaharanAfrica,,REUrow,noREU,,RAProw,noRAP,,YES,RAFregion,RAFCentralAfrica,,,RAFeccas,,,,RAFcemac,,,,LACrow,noLAC,,RNErow,noRNE
75,90,GM,GM,GMB,GMB,270,240,270,member,Gambia,the Gambia,the Republic of the Gambia,Gambia,"Gambia, The",,,1965,,,,,member,YES,World,1,Africa,2,Western Africa,11,Developing,LeastDevelopedCountries,,,,SubSaharanAfrica,,REUrow,noREU,,RAProw,noRAP,,YES,RAFregion,RAFWestAfrica,,RAFecowas,,,,,,,RAFcensad,,LACrow,noLAC,,RNErow,noRNE
76,91, , , , ,,,275,areas and territories,Gaza Strip,Gaza Strip,Gaza Strip,,,,,,,,,don't know how to behave,areas and territories,NO,World,1,Asia,142,Western Asia,145,Developing,,,,,AsiaDeveloping,,,,,,,,,,,,,,,,,,,,,,,,,
73,92,GE,GE,GEO,GEO,268,612,268,member,Georgia,Georgia,Georgia,,,,,1992,,Union of Soviet Socialist Republic,,,member,YES,World,1,Asia,142,Western Asia,145,Developing,,,,,AsiaDeveloping,YES,REUregion,REUCaucAndTurkey,,RAProw,noRAP,,,RAFrow,noRAF,,,,,,,,,,,LACrow,noLAC,,RNErow,noRNE
79,93,DE,DE,DEU,DEU,276,5,276,member,Germany,Germany,the Federal Republic of Germany,,,,,1973,,,,,member,YES,World,1,Europe,150,Western Europe,155,Developed,,,,,,YES,REUregion,REUOtherAndEFTA,,RAProw,noRAP,,,RAFrow,noRAF,,,,,,,,,,,LACrow,noLAC,,RNErow,noRNE
81,94,GH,GH,GHA,GHA,288,241,288,member,Ghana,Ghana,the Republic of Ghana,,,,,1957,,,,,member,YES,World,1,Africa,2,Western Africa,11,Developing,,,,,SubSaharanAfrica,,REUrow,noREU,,RAProw,noRAP,,YES,RAFregion,RAFWestAfrica,,RAFecowas,,,,,,,RAFcensad,,LACrow,noLAC,,RNErow,noRNE
82,95,GI,GI,GIB,GIB,292,35,292,areas and territories,Gibraltar,Gibraltar,Gibraltar,,,,,,,,,United Kingdom overseas territory,areas and territories,YES,World,1,Europe,150,Southern Europe,39,Developed,,,,,,,REUrow,noREU,,RAProw,noRAP,,,RAFrow,noRAF,,,,,,,,,,,LACrow,noLAC,,RNErow,noRNE
84,97,GR,GR,GRC,GRC,300,40,300,member,Greece,Greece,the Hellenic Republic,,,,,1945,,,,,member,YES,World,1,Europe,150,Southern Europe,39,Developed,,,,,,YES,REUregion,REUOtherAndEFTA,,RAProw,noRAP,,,RAFrow,noRAF,,,,,,,,,,,LACrow,noLAC,,RNErow,noRNE
85,98,GL,GL,GRL,GRL,304,,304,areas and territories,Greenland,Greenland,Greenland,,,,,,,,,Self-governing territory of The Danish Realm,areas and territories,YES,World,1,Americas,19,Northern America,21,Developed,,,,,,,REUrow,noREU,,RAProw,noRAP,,,RAFrow,noRAF,,,,,,,,,,,LACrow,noLAC,,RNErow,noRNE
86,99,GD,GD,GRD,GRD,308,381,308,member,Grenada,Grenada,Grenada,,,,,1974,,,,,member,YES,World,1,Americas,19,Caribbean,29,Developing,,,SmallIslandDevelopingStates,,,,REUrow,noREU,,RAProw,noRAP,,,RAFrow,noRAF,,,,,,,,,,YES,LACregion,LACCaribbean,,RNErow,noRNE
87,100,GP,GP,GLP,GLP,312,345,312,areas and territories,Guadeloupe,Guadeloupe,Guadeloupe,,,,,,,,,French overseas region/department,areas and territories,YES,World,1,Americas,19,Caribbean,29,Developing,,,,,,,REUrow,noREU,,RAProw,noRAP,,,RAFrow,noRAF,,,,,,,,,,,LACrow,noLAC,,RNErow,noRNE
88,101,GU,GU,GUM,GUM,316,,316,areas and territories,Guam,Guam,Guam,,,,,,,,,Unincorporated territory of United States,areas and territories,YES,World,1,Oceania,9,Micronesia,57,Developing,,,SmallIslandDevelopingStates,,OceaniaDeveloping,,REUrow,noREU,,RAProw,noRAP,,,RAFrow,noRAF,,,,,,,,,,,LACrow,noLAC,,RNErow,noRNE
89,103,GT,GT,GTM,GTM,320,347,320,member,Guatemala,Guatemala,the Republic of Guatemala,,,,,1945,,,,,member,YES,World,1,Americas,19,Central America,13,Developing,,,,,,,REUrow,noREU,,RAProw,noRAP,,,RAFrow,noRAF,,,,,,,,,,YES,LACregion,LACCentralAmerica,,RNErow,noRNE
274,104,GG,GG,GCY,GCY,831,,831,areas and territories,Guernsey,Guernsey,Bailiwick of Guernsey,,,,,,,,,Self-governing dependency of The British Monarch,areas and territories,YES,World,1,Europe,150,Northern Europe,154,Developed,,,,,,,REUrow,noREU,,RAProw,noRAP,,,RAFrow,noRAF,,,,,,,,,,,LACrow,noLAC,,RNErow,noRNE
90,106,GN,GN,GIN,GIN,324,243,324,member,Guinea,Guinea,the Republic of Guinea,,,,,1958,,,,,member,YES,World,1,Africa,2,Western Africa,11,Developing,LeastDevelopedCountries,,,,SubSaharanAfrica,,REUrow,noREU,,RAProw,noRAP,,YES,RAFregion,RAFWestAfrica,,RAFecowas,,,,,,,,,LACrow,noLAC,,RNErow,noRNE
175,105,GW,GW,GNB,GNB,624,244,624,member,Guinea-Bissau,Guinea-Bissau,the Republic of Guinea-Bissau,,,,,1974,,,,,member,YES,World,1,Africa,2,Western Africa,11,Developing,LeastDevelopedCountries,,SmallIslandDevelopingStates,,SubSaharanAfrica,,REUrow,noREU,,RAProw,noRAP,,YES,RAFregion,RAFWestAfrica,,RAFecowas,,,,,,RAFuemoa,RAFcensad,,LACrow,noLAC,,RNErow,noRNE
91,107,GY,GY,GUY,GUY,328,446,328,member,Guyana,Guyana,the Republic of Guyana,,,,,1966,,,,,member,YES,World,1,Americas,19,South America,5,Developing,,,SmallIslandDevelopingStates,,,,REUrow,noREU,,RAProw,noRAP,,,RAFrow,noRAF,,,,,,,,,,YES,LACregion,LACSouthAmerica,,RNErow,noRNE
93,108,HT,HT,HTI,HTI,332,349,332,member,Haiti,Haiti,the Republic of Haiti,,,,,1945,,,,,member,YES,World,1,Americas,19,Caribbean,29,Developing,LeastDevelopedCountries,,SmallIslandDevelopingStates,,,,REUrow,noREU,,RAProw,noRAP,,,RAFrow,noRAF,,,,,,,,,,YES,LACregion,LACCaribbean,,RNErow,noRNE
92,109,HM,HM,HMD,HMD,334,,36,areas and territories,Heard and McDonald Islands,Heard and McDonald Islands,Heard and McDonald Islands,,,,,,,,,External territory of Australia,areas and territories,NO,,,,,,,,,,,,,,,,,,,,,,,,,,,,,,,,,,,,,
,,,,,,,,,areas and territories,Herm,Herm,Herm,,,,,,,,,Dependency of Guernsey,areas and territories,NO,,,,,,,,,,,,,,,,,,,,,,,,,,,,,,,,,,,,,
94,110,VA,VA,VAT,VAT,336,,336,non member,Holy See,Holy See,Holy See,,,,,,,,,,permanent observer,YES,World,1,Europe,150,Southern Europe,39,Developed,,,,,,,REUrow,noREU,,RAProw,noRAP,,,RAFrow,noRAF,,,,,,,,,,,LACrow,noLAC,,RNErow,noRNE
95,111,HN,HN,HND,HND,340,351,340,member,Honduras,Honduras,the Republic of Honduras,,,,,1945,,,,,member,YES,World,1,Americas,19,Central America,13,Developing,,,,,,,REUrow,noREU,,RAProw,noRAP,,,RAFrow,noRAF,,,,,,,,,,YES,LACregion,LACCentralAmerica,,RNErow,noRNE
,112,,,,,,,840,areas and territories,Howland Island,Howland Island,Howland Island,,,,,,,,,Uninhabited possession of the United States,areas and territories,NO,,,,,,,,,,,,,,,,,,,,,,,,,,,,,,,,,,,,,
97,113,HU,HU,HUN,HUN,348,75,348,member,Hungary,Hungary,Hungary,,,,,1955,,,,,member,YES,World,1,Europe,150,Eastern Europe,151,Developed,,,,,,YES,REUregion,REUCentralEasternEurope,,RAProw,noRAP,,,RAFrow,noRAF,,,,,,,,,,,LACrow,noLAC,,RNErow,noRNE
99,114,IS,IS,ISL,ISL,352,,352,member,Iceland,Iceland,the Republic of Iceland,,,,,1946,,,,,member,YES,World,1,Europe,150,Northern Europe,154,Developed,,,,,,YES,REUregion,REUOtherAndEFTA,,RAProw,noRAP,,,RAFrow,noRAF,,,,,,,,,,,LACrow,noLAC,,RNErow,noRNE
100,115,IN,IN,IND,IND,356,645,356,member,India,India,the Republic of India,,,,,1945,,,,,member,YES,World,1,Asia,142,Southern Asia,34,Developing,,,,,AsiaDeveloping,,REUrow,noREU,YES,RAPregion,RAPSouthSouthwestAsia,RAPDeveloping,,RAFrow,noRAF,,,,,,,,,,,LACrow,noLAC,,RNErow,noRNE
101,116,ID,ID,IDN,IDN,360,738,360,member,Indonesia,Indonesia,the Republic of Indonesia,,,,,1950,,,,,member,YES,World,1,Asia,142,South-Eastern Asia,35,Developing,,,,,AsiaDeveloping,,REUrow,noREU,YES,RAPregion,RAPSoutheastAsia,RAPDeveloping,,RAFrow,noRAF,,,,,,,,,,,LACrow,noLAC,,RNErow,noRNE
102,117,IR,IR,IRN,IRN,364,540,364,member,Iran (Islamic Republic of),Iran (Islamic Republic of),the Islamic Republic of Iran,Iran,"Iran, Islamic Rep.",,,1945,,,,,member,YES,World,1,Asia,142,Southern Asia,34,Developing,,,,,AsiaDeveloping,,REUrow,noREU,YES,RAPregion,RAPSouthSouthwestAsia,RAPDeveloping,,RAFrow,noRAF,,,,,,,,,,,LACrow,noLAC,YES,RNEregion,RNEome
103,118,IQ,IQ,IRQ,IRQ,368,543,368,member,Iraq,Iraq,the Republic of Iraq,,,,,1945,,,,,member,YES,World,1,Asia,142,Western Asia,145,Developing,,,,,AsiaDeveloping,,REUrow,noREU,,RAProw,noRAP,,,RAFrow,noRAF,,,,,,,,,,,LACrow,noLAC,YES,RNEregion,RNEome
104,119,IE,IE,IRL,IRL,372,21,372,member,Ireland,Ireland,Ireland,,,,,1955,,,,,member,YES,World,1,Europe,150,Northern Europe,154,Developed,,,,,,YES,REUregion,REUOtherAndEFTA,,RAProw,noRAP,,,RAFrow,noRAF,,,,,,,,,,,LACrow,noLAC,,RNErow,noRNE
264,120,IM,IM,IMN,IMY,833,,833,areas and territories,Isle of Man,Isle of Man,Isle of Man,,,,,,,,,Self-governing dependency of The British Monarch,areas and territories,YES,World,1,Europe,150,Northern Europe,154,Developed,,,,,,,REUrow,noREU,,RAProw,noRAP,,,RAFrow,noRAF,,,,,,,,,,,LACrow,noLAC,,RNErow,noRNE
105,121,IL,IL,ISR,ISR,376,546,376,member,Israel,Israel,the State of Israel,,,,,1949,,,,,member,YES,World,1,Asia,142,Western Asia,145,Developing,,,,,AsiaDeveloping,YES,REUregion,REUIsrael,,RAProw,noRAP,,,RAFrow,noRAF,,,,,,,,,,,LACrow,noLAC,,RNErow,noRNE
106,122,IT,IT,ITA,ITA,380,6,380,member,Italy,Italy,the Republic of Italy,,,,,1955,,,,,member,YES,World,1,Europe,150,Southern Europe,39,Developed,,,,,,YES,REUregion,REUOtherAndEFTA,,RAProw,noRAP,,,RAFrow,noRAF,,,,,,,,,,,LACrow,noLAC,,RNErow,noRNE
109,123,JM,JM,JAM,JAM,388,354,388,member,Jamaica,Jamaica,Jamaica,,,,,1962,,,,,member,YES,World,1,Americas,19,Caribbean,29,Developing,,,SmallIslandDevelopingStates,,,,REUrow,noREU,,RAProw,noRAP,,,RAFrow,noRAF,,,,,,,,,,YES,LACregion,LACCaribbean,,RNErow,noRNE
110,126,JP,JP,JPN,JPN,392,701,392,member,Japan,Japan,Japan,,,,,1956,,,,,member,YES,World,1,Asia,142,Eastern Asia,30,Developed,,,,,,,REUrow,noREU,YES,RAPregion,RAPDevelopedCountries,RAPDeveloped,,RAFrow,noRAF,,,,,,,,,,,LACrow,noLAC,,RNErow,noRNE
,127,,,,,,,840,areas and territories,Jarvis Island,Jarvis Island,Jarvis Island,,,,,,,,,Uninhabited possession of the United States,areas and territories,NO,,,,,,,,,,,,,,,,,,,,,,,,,,,,,,,,,,,,,
283,128,JE,JE,JEY,JEY,832,,832,areas and territories,Jersey,Jersey,Bailiwick of Jersey,,,,,,,,,Self-governing dependency of The British Monarch,areas and territories,YES,World,1,Europe,150,Northern Europe,154,Developed,,,,,,,REUrow,noREU,,RAProw,noRAP,,,RAFrow,noRAF,,,,,,,,,,,LACrow,noLAC,,RNErow,noRNE
111,129,,,,,,,840,areas and territories,Johnston Island,Johnston Island,Johnston Island,,,,,,,,,Uninhabited possession of the United States,areas and territories,NO,,,,,,,,,,,,,,,,,,,,,,,,,,,,,,,,,,,,,
112,130,JO,JO,JOR,JOR,400,549,400,member,Jordan,Jordan,the Hashemite Kingdom of Jordan,,,,,1955,,,,,member,YES,World,1,Asia,142,Western Asia,145,Developing,,,,,AsiaDeveloping,,REUrow,noREU,,RAProw,noRAP,,,RAFrow,noRAF,,,,,,,,,,,LACrow,noLAC,YES,RNEregion,RNEome
108,132,KZ,KZ,KAZ,KAZ,398,613,398,member,Kazakhstan,Kazakhstan,the Republic of Kazakhstan,,,,,1992,,Union of Soviet Socialist Republic,,,member,YES,World,1,Asia,142,Central Asia,143,Developing,,LandlockedDevelopingCountries,,CommonwealthOfIndependentStates,AsiaDeveloping,YES,REUregion,REUCentralAsia,YES,RAPregion,RAPCentralAsia,RAPDeveloping,,RAFrow,noRAF,,,,,,,,,,,LACrow,noLAC,,RNErow,noRNE
114,133,KE,KE,KEN,KEN,404,248,404,member,Kenya,Kenya,the Republic of Kenya,,,,,1963,,,,,member,YES,World,1,Africa,2,Eastern Africa,14,Developing,,,,,SubSaharanAfrica,,REUrow,noREU,,RAProw,noRAP,,YES,RAFregion,RAFEastAfrica,RAFcomesa,,,,RAFigad,,,,,,LACrow,noLAC,,RNErow,noRNE
,134,,,,,,,840,areas and territories,Kingman Reef,Kingman Reef,Kingman Reef,,,,,,,,,Uninhabited possession of the United States,areas and territories,NO,,,,,,,,,,,,,,,,,,,,,,,,,,,,,,,,,,,,,
83,135,KI,KI,KIR,KIR,296,836,296,member,Kiribati,Kiribati,the Republic of Kiribati,,,,,1999,,,,,member,YES,World,1,Oceania,9,Micronesia,57,Developing,LeastDevelopedCountries,,SmallIslandDevelopingStates,,OceaniaDeveloping,,REUrow,noREU,YES,RAPregion,RAPPacificIslands,RAPDeveloping,,RAFrow,noRAF,,,,,,,,,,,LACrow,noLAC,,RNErow,noRNE
275,,,KV,,KSV,,,688,areas and territories,Kosovo,Kosovo,Kosovo,,,,,2008,,Serbia,,UN governed,areas and territories,NO,World,1,Europe,150,Southern Europe,39,Developed,,,,,,,,,,,,,,,,,,,,,,,,,,,,,,
118,137,KW,KW,KWT,KWT,414,552,414,member,Kuwait,Kuwait,the State of Kuwait,,,,,1963,,,,,member,YES,World,1,Asia,142,Western Asia,145,Developing,,,,,AsiaDeveloping,,REUrow,noREU,,RAProw,noRAP,,,RAFrow,noRAF,,,,,,,,,,,LACrow,noLAC,YES,RNEregion,RNEgccsy
113,138,KG,KG,KGZ,KGZ,417,614,417,member,Kyrgyzstan,Kyrgyzstan,the Kyrgyz Republic,Kyrgyz Republic,,,,1992,,Union of Soviet Socialist Republic,,,member,YES,World,1,Asia,142,Central Asia,143,Developing,,LandlockedDevelopingCountries,,CommonwealthOfIndependentStates,AsiaDeveloping,YES,REUregion,REUCentralAsia,,RAProw,noRAP,,,RAFrow,noRAF,,,,,,,,,,,LACrow,noLAC,,RNErow,noRNE
120,139,LA,LA,LAO,LAO,418,745,418,member,Lao People's Democratic Republic,the Lao People's Democratic Republic,the Lao People's Democratic Republic,Lao,Laos,,,1955,,,,,member,YES,World,1,Asia,142,South-Eastern Asia,35,Developing,LeastDevelopedCountries,LandlockedDevelopingCountries,,,AsiaDeveloping,,REUrow,noREU,YES,RAPregion,RAPSoutheastAsia,RAPDeveloping,,RAFrow,noRAF,,,,,,,,,,,LACrow,noLAC,,RNErow,noRNE
119,140,LV,LV,LVA,LVA,428,,428,member,Latvia,Latvia,the Republic of Latvia,,,,,1992,,Union of Soviet Socialist Republic,,,member,YES,World,1,Europe,150,Northern Europe,154,Developed,,,,,,YES,REUregion,REUCentralEasternEurope,,RAProw,noRAP,,,RAFrow,noRAF,,,,,,,,,,,LACrow,noLAC,,RNErow,noRNE
121,141,LB,LB,LBN,LBN,422,555,422,member,Lebanon,Lebanon,the Lebanese Republic,,,,,1945,,,,,member,YES,World,1,Asia,142,Western Asia,145,Developing,,,,,AsiaDeveloping,,REUrow,noREU,,RAProw,noRAP,,,RAFrow,noRAF,,,,,,,,,,,LACrow,noLAC,YES,RNEregion,RNEome
122,142,LS,LS,LSO,LSO,426,249,426,member,Lesotho,Lesotho,the Kingdom of Lesotho,,,,,1966,,,,,member,YES,World,1,Africa,2,Southern Africa,18,Developing,LeastDevelopedCountries,LandlockedDevelopingCountries,,,SubSaharanAfrica,,REUrow,noREU,,RAProw,noRAP,,YES,RAFregion,RAFSouthernAfrica,,,,RAFsadc,,,,,,,LACrow,noLAC,,RNErow,noRNE
123,144,LR,LR,LBR,LBR,430,251,430,member,Liberia,Liberia,the Republic of Liberia,,,,,1945,,,,,member,YES,World,1,Africa,2,Western Africa,11,Developing,LeastDevelopedCountries,,,,SubSaharanAfrica,,REUrow,noREU,,RAProw,noRAP,,YES,RAFregion,RAFWestAfrica,,RAFecowas,,,,,,,RAFcensad,,LACrow,noLAC,,RNErow,noRNE
124,145,LY,LY,LBY,LBY,434,133,434,member,Libya,Libya,Libya,,,,,1955,,,,,member,YES,World,1,Africa,2,Northern Africa,15,Developing,,,,,,,REUrow,noREU,,RAProw,noRAP,,YES,RAFrow,RAFNorthAfrica,RAFcomesa,,,,,RAFuma,,,RAFcensad,,LACrow,noLAC,YES,RNEregion,RNEna
125,146,LI,LI,LIE,LIE,438,,438,non member,Liechtenstein,Liechtenstein,the Principality of Liechtenstein,,,,,1990,,,,,member,YES,World,1,Europe,150,Western Europe,155,Developed,,,,,,,REUrow,noREU,,RAProw,noRAP,,,RAFrow,noRAF,,,,,,,,,,,LACrow,noLAC,,RNErow,noRNE
126,147,LT,LT,LTU,LTU,440,,440,member,Lithuania,Lithuania,the Republic of Lithuania,,,,,1992,,Union of Soviet Socialist Republic,,,member,YES,World,1,Europe,150,Northern Europe,154,Developed,,,,,,YES,REUregion,REUCentralEasternEurope,,RAProw,noRAP,,,RAFrow,noRAF,,,,,,,,,,,LACrow,noLAC,,RNErow,noRNE
256,148,LU,LU,LUX,LUX,442,22,442,member,Luxembourg,Luxembourg,the Grand Duchy of Luxembourg,,,,,1945,,Belgium-Luxembourg,,Strange. According to UN seems that Belgium & Luxembourg have never been together. That's why according to UN the YearStart is 1945 for both Belgium and Luxembourg. Added CRS code,member,YES,World,1,Europe,150,Western Europe,155,Developed,,,,,,YES,REUregion,REUOtherAndEFTA,,RAProw,noRAP,,,RAFrow,noRAF,,,,,,,,,,,LACrow,noLAC,,RNErow,noRNE
129,150,MG,MG,MDG,MDG,450,252,450,member,Madagascar,Madagascar,the Republic of Madagascar,,,,,1960,,,,,member,YES,World,1,Africa,2,Eastern Africa,14,Developing,LeastDevelopedCountries,,,,SubSaharanAfrica,,REUrow,noREU,,RAProw,noRAP,,YES,RAFregion,RAFSouthernAfrica,RAFcomesa,,,RAFsadc,,,,,,,LACrow,noLAC,,RNErow,noRNE
130,152,MW,MW,MWI,MWI,454,253,454,member,Malawi,Malawi,the Republic of Malawi,,,,,1964,,,,,member,YES,World,1,Africa,2,Eastern Africa,14,Developing,LeastDevelopedCountries,LandlockedDevelopingCountries,,,SubSaharanAfrica,,REUrow,noREU,,RAProw,noRAP,,YES,RAFregion,RAFSouthernAfrica,RAFcomesa,,,RAFsadc,,,,,,,LACrow,noLAC,,RNErow,noRNE
131,153,MY,MY,MYS,MYS,458,751,458,member,Malaysia,Malaysia,Malaysia,,,,,1957,,,,,member,YES,World,1,Asia,142,South-Eastern Asia,35,Developing,,,,,AsiaDeveloping,,REUrow,noREU,YES,RAPregion,RAPSoutheastAsia,RAPDeveloping,,RAFrow,noRAF,,,,,,,,,,,LACrow,noLAC,,RNErow,noRNE
132,154,MV,MV,MDV,MDV,462,655,462,member,Maldives,Maldives,the Republic of Maldives,,,,,1965,,,,,member,YES,World,1,Asia,142,Southern Asia,34,Developing,,,SmallIslandDevelopingStates,,AsiaDeveloping,,REUrow,noREU,YES,RAPregion,RAPSouthSouthwestAsia,RAPDeveloping,,RAFrow,noRAF,,,,,,,,,,,LACrow,noLAC,,RNErow,noRNE
133,155,ML,ML,MLI,MLI,466,255,466,member,Mali,Mali,the Republic of Mali,,,,,1960,,,,,member,YES,World,1,Africa,2,Western Africa,11,Developing,LeastDevelopedCountries,LandlockedDevelopingCountries,,,SubSaharanAfrica,,REUrow,noREU,,RAProw,noRAP,,YES,RAFregion,RAFWestAfrica,,RAFecowas,,,,,,RAFuemoa,RAFcensad,,LACrow,noLAC,,RNErow,noRNE
134,156,MT,MT,MLT,MLT,470,45,470,member,Malta,Malta,the Republic of Malta,,,,,1964,,,,,member,YES,World,1,Europe,150,Southern Europe,39,Developed,,,,,,YES,REUregion,REUOtherAndEFTA,,RAProw,noRAP,,,RAFrow,noRAF,,,,,,,,,,,LACrow,noLAC,,RNErow,noRNE
127,157,MH,MH,MHL,MHL,584,859,584,member,Marshall Islands,the Marshall Islands,the Republic of the Marshall Islands,Marshall Islands,,,,1991,,"Pacific Islands, Trust Territory of",,,member,YES,World,1,Oceania,9,Micronesia,57,Developing,,,SmallIslandDevelopingStates,,OceaniaDeveloping,,REUrow,noREU,YES,RAPregion,RAPPacificIslands,RAPDeveloping,,RAFrow,noRAF,,,,,,,,,,,LACrow,noLAC,,RNErow,noRNE
135,158,MQ,MQ,MTQ,MTQ,474,356,474,areas and territories,Martinique,Martinique,Martinique,,,,,,,,,French overseas region/department,areas and territories,YES,World,1,Americas,19,Caribbean,29,Developing,,,,,,,REUrow,noREU,,RAProw,noRAP,,,RAFrow,noRAF,,,,,,,,,,,LACrow,noLAC,,RNErow,noRNE
136,159,MR,MR,MRT,MRT,478,256,478,member,Mauritania,Mauritania,the Islamic Republic of Mauritania,,,,,1961,,,,,member,YES,World,1,Africa,2,Western Africa,11,Developing,LeastDevelopedCountries,,,,SubSaharanAfrica,,REUrow,noREU,,RAProw,noRAP,,YES,RAFregion,RAFWestAfrica,,,,,,RAFuma,,,,,LACrow,noLAC,YES,RNEregion,RNEna
137,160,MU,MU,MUS,MUS,480,257,480,member,Mauritius,Mauritius,the Republic of Mauritius,,,,,1968,,,,,member,YES,World,1,Africa,2,Eastern Africa,14,Developing,,,SmallIslandDevelopingStates,,SubSaharanAfrica,,REUrow,noREU,,RAProw,noRAP,,YES,RAFregion,RAFSouthernAfrica,RAFcomesa,,,RAFsadc,,,,,,,LACrow,noLAC,,RNErow,noRNE
270,161,YT,YT,MYT,MYT,175,258,175,areas and territories,Mayotte,Mayotte,Mayotte,,,,,,,,,French overseas region/department,areas and territories,YES,World,1,Africa,2,Eastern Africa,14,Developing,,,,,SubSaharanAfrica,,REUrow,noREU,,RAProw,noRAP,,,RAFrow,noRAF,,,,,,,,,,,LACrow,noLAC,,RNErow,noRNE
138,162,MX,MX,MEX,MEX,484,358,484,member,Mexico,Mexico,the United Mexican States,,,,,1945,,,,,member,YES,World,1,Americas,19,Central America,13,Developing,,,,,,,REUrow,noREU,,RAProw,noRAP,,,RAFrow,noRAF,,,,,,,,,,YES,LACregion,LACCentralAmerica,,RNErow,noRNE
145,163,FM,FM,FSM,FSM,583,860,583,member,Micronesia (Federated States of),Micronesia (Federated States of),the Federated States of Micronesia,Micronesia,,,,1991,,"Pacific Islands, Trust Territory of",,,member,YES,World,1,Oceania,9,Micronesia,57,Developing,,,SmallIslandDevelopingStates,,OceaniaDeveloping,,REUrow,noREU,YES,RAPregion,RAPPacificIslands,RAPDeveloping,,RAFrow,noRAF,,,,,,,,,,,LACrow,noLAC,,RNErow,noRNE
139,164,,,,,,,840,areas and territories,Midway Island,Midway Island,Midway Island,,,,,,,,,Uninhabited possession of the United States,areas and territories,NO,,,,,,,,,,,,,,,,,,,,,,,,,,,,,,,,,,,,,
140,166,MC,MC,MCO,MCO,492,,492,member,Monaco,Monaco,the Principality of Monaco,,,,,1993,,,,,member,YES,World,1,Europe,150,Western Europe,155,Developed,,,,,,YES,REUregion,REUOtherAndEFTA,,RAProw,noRAP,,,RAFrow,noRAF,,,,,,,,,,,LACrow,noLAC,,RNErow,noRNE
141,167,MN,MN,MNG,MNG,496,753,496,member,Mongolia,Mongolia,Mongolia,,,,,1961,,,,,member,YES,World,1,Asia,142,Eastern Asia,30,Developing,,LandlockedDevelopingCountries,,,AsiaDeveloping,,REUrow,noREU,YES,RAPregion,RAPEastAsia,RAPDeveloping,,RAFrow,noRAF,,,,,,,,,,,LACrow,noLAC,,RNErow,noRNE
273,2647,ME,ME,MNE,MNE,499,65,499,member,Montenegro,Montenegro,Montenegro,,,,,2006,,Serbia and Montenegro,,,member,YES,World,1,Europe,150,Southern Europe,39,Developed,,,,TransitionCountriesOfSouth-EasternEurope,,YES,REUregion,REUSouthEasternEurope,,RAProw,noRAP,,,RAFrow,noRAF,,,,,,,,,,,LACrow,noLAC,,RNErow,noRNE
142,168,MS,MS,MSR,MSR,500,385,500,areas and territories,Montserrat,Montserrat,Montserrat,,,,,,,,,United Kingdom overseas territory,areas and territories,YES,World,1,Americas,19,Caribbean,29,Developing,,,SmallIslandDevelopingStates,,,,REUrow,noREU,,RAProw,noRAP,,,RAFrow,noRAF,,,,,,,,,,,LACrow,noLAC,,RNErow,noRNE
143,169,MA,MA,MAR,MAR,504,136,504,member,Morocco,Morocco,the Kingdom of Morocco,,,,,1956,,,,,member,YES,World,1,Africa,2,Northern Africa,15,Developing,,,,,,,REUrow,noREU,,RAProw,noRAP,,YES,RAFrow,RAFNorthAfrica,,,,,,RAFuma,,,RAFcensad,,LACrow,noLAC,YES,RNEregion,RNEna
144,170,MZ,MZ,MOZ,MOZ,508,259,508,member,Mozambique,Mozambique,the Republic of Mozambique,,,,,1975,,,,,member,YES,World,1,Africa,2,Eastern Africa,14,Developing,LeastDevelopedCountries,,,,SubSaharanAfrica,,REUrow,noREU,,RAProw,noRAP,,YES,RAFregion,RAFSouthernAfrica,,,,RAFsadc,,,,,,,LACrow,noLAC,,RNErow,noRNE
28,171,MM,MM,MMR,MMR,104,635,104,member,Myanmar,Myanmar,the Republic of the Union of Myanmar,,,,,1948,,,,,member,YES,World,1,Asia,142,South-Eastern Asia,35,Developing,LeastDevelopedCountries,,,,AsiaDeveloping,,REUrow,noREU,YES,RAPregion,RAPSoutheastAsia,RAPDeveloping,,RAFrow,noRAF,,,,,,,,,,,LACrow,noLAC,,RNErow,noRNE
147,172,NA,NA,NAM,NAM,516,275,516,member,Namibia,Namibia,the Republic of Namibia,,,,,1990,,,,,member,YES,World,1,Africa,2,Southern Africa,18,Developing,,,,,SubSaharanAfrica,,REUrow,noREU,,RAProw,noRAP,,YES,RAFregion,RAFSouthernAfrica,,,,RAFsadc,,,,,,,LACrow,noLAC,,RNErow,noRNE
148,173,NR,NR,NRU,NRU,520,845,520,member,Nauru,Nauru,the Republic of Nauru,,,,,1999,,,,,member,YES,World,1,Oceania,9,Micronesia,57,Developing,,,SmallIslandDevelopingStates,,OceaniaDeveloping,,REUrow,noREU,YES,RAPregion,RAPPacificIslands,RAPDeveloping,,RAFrow,noRAF,,,,,,,,,,,LACrow,noLAC,,RNErow,noRNE
,,,,,,,,840,areas and territories,Navassa Island,Navassa Island,Navassa Island,,,,,,,,,Uninhabited possession of the United States,areas and territories,NO,,,,,,,,,,,,,,,,,,,,,,,,,,,,,,,,,,,,,
149,175,NP,NP,NPL,NPL,524,660,524,member,Nepal,Nepal,the Federal Democratic Republic of Nepal,,,,,1955,,,,,member,YES,World,1,Asia,142,Southern Asia,34,Developing,LeastDevelopedCountries,LandlockedDevelopingCountries,,,AsiaDeveloping,,REUrow,noREU,YES,RAPregion,RAPSouthSouthwestAsia,RAPDeveloping,,RAFrow,noRAF,,,,,,,,,,,LACrow,noLAC,,RNErow,noRNE
150,177,NL,NL,NLD,NLD,528,7,528,member,Netherlands,the Netherlands,the Kingdom of the Netherlands,Netherlands,,,,1945,,,,Constituent country of the Kingdom of the Netherlands,member,YES,World,1,Europe,150,Western Europe,155,Developed,,,,,,YES,REUregion,REUOtherAndEFTA,,RAProw,noRAP,,,RAFrow,noRAF,,,,,,,,,,,LACrow,noLAC,,RNErow,noRNE
151,176,AN,AN,ANT,ANT,530,361,,old,Netherlands Antilles,Netherlands Antilles,Netherlands Antilles,,,,,1986,2009,,,,old,NO,World,1,Americas,19,Caribbean,29,Developing,,,SmallIslandDevelopingStates,,,,,,,,,,,,,,,,,,,,,,,,,,,
,,,,,,532,,,old,Netherlands Antilles,Netherlands Antilles,Netherlands Antilles,,,,,1945,1985,Netherlands Antilles,,,old,NO,World,1,Americas,19,Caribbean,29,Developing,,,SmallIslandDevelopingStates,,,,,,,,,,,,,,,,,,,,,,,,,,,
152,,,,,,,,,areas and territories,Neutral Zone,Neutral Zone,Neutral Zone,,,,,,,,,don't know how to behave,areas and territories,NO,,,,,,,,,,,,,,,,,,,,,,,,,,,,,,,,,,,,,
153,178,NC,NC,NCL,NCL,540,850,540,areas and territories,New Caledonia,New Caledonia,New Caledonia,,,,,,,,,French overseas territory,areas and territories,YES,World,1,Oceania,9,Melanesia,54,Developing,,,SmallIslandDevelopingStates,,OceaniaDeveloping,,REUrow,noREU,,RAProw,noRAP,,,RAFrow,noRAF,,,,,,,,,,,LACrow,noLAC,,RNErow,noRNE
156,179,NZ,NZ,NZL,NZL,554,820,554,member,New Zealand,New Zealand,New Zealand,,,,,1945,,,,,member,YES,World,1,Oceania,9,Australia and New Zealand,53,Developed,,,,,,,REUrow,noREU,YES,RAPregion,RAPDevelopedCountries,RAPDeveloped,,RAFrow,noRAF,,,,,,,,,,,LACrow,noLAC,,RNErow,noRNE
157,180,NI,NI,NIC,NIC,558,364,558,member,Nicaragua,Nicaragua,the Republic of Nicaragua,,,,,1945,,,,,member,YES,World,1,Americas,19,Central America,13,Developing,,,,,,,REUrow,noREU,,RAProw,noRAP,,,RAFrow,noRAF,,,,,,,,,,YES,LACregion,LACCentralAmerica,,RNErow,noRNE
158,181,NE,NE,NER,NER,562,260,562,member,Niger,the Niger,the Republic of the Niger,Niger,,,,1960,,,,,member,YES,World,1,Africa,2,Western Africa,11,Developing,LeastDevelopedCountries,LandlockedDevelopingCountries,,,SubSaharanAfrica,,REUrow,noREU,,RAProw,noRAP,,YES,RAFregion,RAFWestAfrica,,RAFecowas,,,,,,RAFuemoa,RAFcensad,,LACrow,noLAC,,RNErow,noRNE
159,182,NG,NG,NGA,NGA,566,261,566,member,Nigeria,Nigeria,the Federal Republic of Nigeria,,,,,1960,,,,,member,YES,World,1,Africa,2,Western Africa,11,Developing,,,,,SubSaharanAfrica,,REUrow,noREU,,RAProw,noRAP,,YES,RAFregion,RAFWestAfrica,,RAFecowas,,,,,,,RAFcensad,,LACrow,noLAC,,RNErow,noRNE
160,183,NU,NU,NIU,NIU,570,856,570,member,Niue,Niue,Niue,,,,,,,,,Associated State of New Zealand,areas and territories,YES,World,1,Oceania,9,Polynesia,61,Developing,,,SmallIslandDevelopingStates,,OceaniaDeveloping,,REUrow,noREU,YES,RAPregion,RAPPacificIslands,RAPDeveloping,,RAFrow,noRAF,,,,,,,,,,,LACrow,noLAC,,RNErow,noRNE
161,184,NF,NF,NFK,NFK,574,,574,areas and territories,Norfolk Island,Norfolk Island,Territory of Norfolk Island,,,,,,,,,External territory of Australia,areas and territories,YES,World,1,Oceania,9,Australia and New Zealand,53,Developing,,,,,OceaniaDeveloping,,REUrow,noREU,,RAProw,noRAP,,,RAFrow,noRAF,,,,,,,,,,,LACrow,noLAC,,RNErow,noRNE
163,185,MP,MP,MNP,MNP,580,858,580,areas and territories,Northern Mariana Islands,Northern Mariana Islands,The Commonwealth of the Northern Mariana Islands,,,,,1991,,"Pacific Islands, Trust Territory of",,insular area Commonwealths of the United States of America,areas and territories,YES,World,1,Oceania,9,Micronesia,57,Developing,,,SmallIslandDevelopingStates,,OceaniaDeveloping,,REUrow,noREU,,RAProw,noRAP,,,RAFrow,noRAF,,,,,,,,,,,LACrow,noLAC,,RNErow,noRNE
162,186,NO,NO,NOR,NOR,578,8,578,member,Norway,Norway,the Kingdom of Norway,,,,,1945,,,,,member,YES,World,1,Europe,150,Northern Europe,154,Developed,,,,,,YES,REUregion,REUOtherAndEFTA,,RAProw,noRAP,,,RAFrow,noRAF,,,,,,,,,,,LACrow,noLAC,,RNErow,noRNE
299,,PS,PS,PSE,WBG,275,550,275,areas and territories,Occupied Palestinian Territory,Occupied Palestinian Territory,Occupied Palestinian Territory,Palestine,,,,1999,,,"West Bank,Gaza Strip",don't know how to behave,permanent observer,YES,World,1,Asia,142,Western Asia,145,Developing,,,,,AsiaDeveloping,,REUrow,noREU,,RAProw,noRAP,,,RAFrow,noRAF,,,,,,,,,,,LACrow,noLAC,,RNErow,noRNE
221,187,OM,OM,OMN,OMN,512,558,512,member,Oman,Oman,the Sultanate of Oman,Oman,Oman,,,1971,,,,,member,YES,World,1,Asia,142,Western Asia,145,Developing,,,,,AsiaDeveloping,,REUrow,noREU,,RAProw,noRAP,,,RAFrow,noRAF,,,,,,,,,,,LACrow,noLAC,YES,RNEregion,RNEgccsy
164,,PC,PC,PCI,PCI,582,,,old,Pacific Islands Trust Territory,"Pacific Islands, Trust Territory of","Pacific Islands, Trust Territory of",,,,,,1990,,"Micronesia (Federated States of),the Marshall Islands,Northern Mariana Islands,Palau",,old,NO,,,,,,,,,,,,,,,,,,,,,,,,,,,,,,,,,,,,,
165,188,PK,PK,PAK,PAK,586,665,586,member,Pakistan,Pakistan,the Islamic Republic of Pakistan,,,,,1947,,,,,member,YES,World,1,Asia,142,Southern Asia,34,Developing,,,,,AsiaDeveloping,,REUrow,noREU,YES,RAPregion,RAPSouthSouthwestAsia,RAPDeveloping,,RAFrow,noRAF,,,,,,,,,,,LACrow,noLAC,,RNErow,noRNE
180,189,PW,PW,PLW,PLW,585,861,585,member,Palau,Palau,Palau,,,,,1991,,"Pacific Islands, Trust Territory of",,,member,YES,World,1,Oceania,9,Micronesia,57,Developing,,,SmallIslandDevelopingStates,,OceaniaDeveloping,,REUrow,noREU,YES,RAPregion,RAPPacificIslands,RAPDeveloping,,RAFrow,noRAF,,,,,,,,,,,LACrow,noLAC,,RNErow,noRNE
166,191,PA,PA,PAN,PAN,591,366,591,member,Panama,Panama,the Republic of Panama,,,,,1945,,,,,member,YES,World,1,Americas,19,Central America,13,Developing,,,,,,,REUrow,noREU,,RAProw,noRAP,,,RAFrow,noRAF,,,,,,,,,,YES,LACregion,LACCentralAmerica,,RNErow,noRNE
168,192,PG,PG,PNG,PNG,598,862,598,member,Papua New Guinea,Papua New Guinea,Independent State of Papua New Guinea,,,,,1975,,,,,member,YES,World,1,Oceania,9,Melanesia,54,Developing,,,SmallIslandDevelopingStates,,OceaniaDeveloping,,REUrow,noREU,YES,RAPregion,RAPPacificIslands,RAPDeveloping,,RAFrow,noRAF,,,,,,,,,,,LACrow,noLAC,,RNErow,noRNE
169,194,PY,PY,PRY,PRY,600,451,600,member,Paraguay,Paraguay,the Republic of Paraguay,,,,,1945,,,,,member,YES,World,1,Americas,19,South America,5,Developing,,LandlockedDevelopingCountries,,,,,REUrow,noREU,,RAProw,noRAP,,,RAFrow,noRAF,,,,,,,,,,YES,LACregion,LACSouthAmerica,,RNErow,noRNE
170,195,PE,PE,PER,PER,604,454,604,member,Peru,Peru,the Republic of Peru,,,,,1945,,,,,member,YES,World,1,Americas,19,South America,5,Developing,,,,,,,REUrow,noREU,,RAProw,noRAP,,,RAFrow,noRAF,,,,,,,,,,YES,LACregion,LACSouthAmerica,,RNErow,noRNE
171,196,PH,PH,PHL,PHL,608,755,608,member,Philippines,the Philippines,the Republic of the Philippines,Philippines,,,,1945,,,,,member,YES,World,1,Asia,142,South-Eastern Asia,35,Developing,,,,,AsiaDeveloping,,REUrow,noREU,YES,RAPregion,RAPSoutheastAsia,RAPDeveloping,,RAFrow,noRAF,,,,,,,,,,,LACrow,noLAC,,RNErow,noRNE
172,197,PN,PN,PCN,PCN,612,,612,areas and territories,Pitcairn Islands,Pitcairn Islands,Pitcairn Islands,,,,,,,,,United Kingdom overseas territory,areas and territories,YES,World,1,Oceania,9,Polynesia,61,Developing,,,,,OceaniaDeveloping,,REUrow,noREU,,RAProw,noRAP,,,RAFrow,noRAF,,,,,,,,,,,LACrow,noLAC,,RNErow,noRNE
173,198,PL,PL,POL,POL,616,,616,member,Poland,Poland,the Republic of Poland,,,,,1945,,,,,member,YES,World,1,Europe,150,Eastern Europe,151,Developed,,,,,,YES,REUregion,REUCentralEasternEurope,,RAProw,noRAP,,,RAFrow,noRAF,,,,,,,,,,,LACrow,noLAC,,RNErow,noRNE
174,199,PT,PT,PRT,PRT,620,9,620,member,Portugal,Portugal,the Portuguese Republic,,,,,1955,,,,,member,YES,World,1,Europe,150,Southern Europe,39,Developed,,,,,,YES,REUregion,REUOtherAndEFTA,,RAProw,noRAP,,,RAFrow,noRAF,,,,,,,,,,,LACrow,noLAC,,RNErow,noRNE
177,200,PR,PR,PRI,PRI,630,,630,areas and territories,Puerto Rico,Puerto Rico,the Commonwealth of Puerto Rico,,,,,,,,,Unincorporated territory of United States,areas and territories,YES,World,1,Americas,19,Caribbean,29,Developing,,,SmallIslandDevelopingStates,,,,REUrow,noREU,,RAProw,noRAP,,,RAFrow,noRAF,,,,,,,,,,,LACrow,noLAC,,RNErow,noRNE
179,201,QA,QA,QAT,QAT,634,561,634,member,Qatar,Qatar,the State of Qatar,,,,,1971,,,,,member,YES,World,1,Asia,142,Western Asia,145,Developing,,,,,AsiaDeveloping,,REUrow,noREU,,RAProw,noRAP,,,RAFrow,noRAF,,,,,,,,,,,LACrow,noLAC,YES,RNEregion,RNEgccsy
117,202,KR,KR,KOR,KOR,410,742,410,member,Republic of Korea,Republic of Korea,Republic of Korea,,,,,1991,,,,,member,YES,World,1,Asia,142,Eastern Asia,30,Developing,,,,,AsiaDeveloping,,REUrow,noREU,YES,RAPregion,RAPEastAsia,RAPDeveloping,,RAFrow,noRAF,,,,,,,,,,,LACrow,noLAC,,RNErow,noRNE
146,165,MD,MD,MDA,MDA,498,93,498,member,Republic of Moldova,Republic of Moldova,the Republic of Moldova,Moldova,,,,1992,,Union of Soviet Socialist Republic,,,member,YES,World,1,Europe,150,Eastern Europe,151,Developed,,LandlockedDevelopingCountries,,CommonwealthOfIndependentStates,,YES,REUregion,REUCISeurope,,RAProw,noRAP,,,RAFrow,noRAF,,,,,,,,,,,LACrow,noLAC,,RNErow,noRNE
182,206,RE,RE,REU,REU,638,,638,areas and territories,Réunion,Réunion,Réunion,,,,,,,,,French overseas region/department,areas and territories,YES,World,1,Africa,2,Eastern Africa,14,Developing,,,,,SubSaharanAfrica,,REUrow,noREU,,RAProw,noRAP,,,RAFrow,noRAF,,,,,,,,,,,LACrow,noLAC,,RNErow,noRNE
183,203,RO,RO,ROU,ROM,642,77,642,member,Romania,Romania,Romania,,,,,1955,,,,,member,YES,World,1,Europe,150,Eastern Europe,151,Developed,,,,,,YES,REUregion,REUCentralEasternEurope,,RAProw,noRAP,,,RAFrow,noRAF,,,,,,,,,,,LACrow,noLAC,,RNErow,noRNE
,,,,,,,,554,areas and territories,Ross Dependency,Ross Dependency,Ross Dependency,,,,,,,,,New Zealand dependency,areas and territories,NO,,,,,,,,,,,,,,,,,,,,,,,,,,,,,,,,,,,,,
185,204,RU,RU,RUS,RUS,643,87,643,member,Russian Federation,the Russian Federation,the Russian Federation,Russian Federation,Russia,,,1992,,Union of Soviet Socialist Republic,,,member,YES,World,1,Europe,150,Eastern Europe,151,Developed,,,,CommonwealthOfIndependentStates,,YES,REUregion,REUCISeurope,YES,RAPregion,RAPCentralAsia,RAPDeveloping,,RAFrow,noRAF,,,,,,,,,,,LACrow,noLAC,,RNErow,noRNE
184,205,RW,RW,RWA,RWA,646,266,646,member,Rwanda,Rwanda,the Republic of Rwanda,,,,,1962,,,,,member,YES,World,1,Africa,2,Eastern Africa,14,Developing,LeastDevelopedCountries,LandlockedDevelopingCountries,,,SubSaharanAfrica,,REUrow,noREU,,RAProw,noRAP,,YES,RAFregion,RAFEastAfrica,RAFcomesa,,,,,,,,,,LACrow,noLAC,,RNErow,noRNE
282,,BL,BL,BLM,BLM,652,,652,areas and territories,Saint Barthélemy,Saint Barthélemy,Saint Barthélemy,,,,,,,,,French overseas territory,areas and territories,YES,World,1,Americas,19,Caribbean,29,Developing,,,,,,,REUrow,noREU,,RAProw,noRAP,,,RAFrow,noRAF,,,,,,,,,,,LACrow,noLAC,,RNErow,noRNE
187,207,SH,SH,SHN,SHN,654,276,654,areas and territories,"Saint Helena, Ascension and Tristan da Cunha","Saint Helena, Ascension and Tristan da Cunha","Saint Helena, Ascension and Tristan da Cunha",,,,,,,,,United Kingdom overseas territory,areas and territories,YES,World,1,Africa,2,Western Africa,11,Developing,,,,,SubSaharanAfrica,,REUrow,noREU,,RAProw,noRAP,,,RAFrow,noRAF,,,,,,,,,,,LACrow,noLAC,,RNErow,noRNE
188,208,KN,KN,KNA,KNA,659,382,659,member,Saint Kitts and Nevis,Saint Kitts and Nevis,Saint Kitts and Nevis,St. Kitts and Nevis,,,,1983,,,,,member,YES,World,1,Americas,19,Caribbean,29,Developing,,,SmallIslandDevelopingStates,,,,REUrow,noREU,,RAProw,noRAP,,,RAFrow,noRAF,,,,,,,,,,YES,LACregion,LACCaribbean,,RNErow,noRNE
189,209,LC,LC,LCA,LCA,662,383,662,member,Saint Lucia,Saint Lucia,Saint Lucia,St. Lucia,,,,1979,,,,,member,YES,World,1,Americas,19,Caribbean,29,Developing,,,SmallIslandDevelopingStates,,,,REUrow,noREU,,RAProw,noRAP,,,RAFrow,noRAF,,,,,,,,,,YES,LACregion,LACCaribbean,,RNErow,noRNE
190,210,PM,PM,SPM,SPM,666,,666,areas and territories,Saint Pierre and Miquelon,Saint Pierre and Miquelon,Saint Pierre and Miquelon,,,,,,,,,French overseas territory,areas and territories,YES,World,1,Americas,19,Northern America,21,Developed,,,,,,,REUrow,noREU,,RAProw,noRAP,,,RAFrow,noRAF,,,,,,,,,,,LACrow,noLAC,,RNErow,noRNE
191,211,VC,VC,VCT,VCT,670,384,670,member,Saint Vincent and the Grenadines,Saint Vincent and the Grenadines,Saint Vincent and the Grenadines,St. Vincent and the Grenadines,,,,1980,,,,,member,YES,World,1,Americas,19,Caribbean,29,Developing,,,SmallIslandDevelopingStates,,,,REUrow,noREU,,RAProw,noRAP,,,RAFrow,noRAF,,,,,,,,,,YES,LACregion,LACCaribbean,,RNErow,noRNE
281,,MF,MF,MAF,MAF,663,,663,areas and territories,Saint-Martin (French Part),Saint-Martin (French Part),Saint-Martin (French Part),,,,,,,,,French overseas territory,areas and territories,YES,World,1,Americas,19,Caribbean,29,Developing,,,,,,,REUrow,noREU,,RAProw,noRAP,,,RAFrow,noRAF,,,,,,,,,,,LACrow,noLAC,,RNErow,noRNE
244,212,WS,WS,WSM,WSM,882,880,882,member,Samoa,Samoa,the Independent State of Samoa,,,,,1976,,,,,member,YES,World,1,Oceania,9,Polynesia,61,Developing,LeastDevelopedCountries,,SmallIslandDevelopingStates,,OceaniaDeveloping,,REUrow,noREU,YES,RAPregion,RAPPacificIslands,RAPDeveloping,,RAFrow,noRAF,,,,,,,,,,,LACrow,noLAC,,RNErow,noRNE
192,213,SM,SM,SMR,SMR,674,,674,member,San Marino,San Marino,the Republic of San Marino,,,,,1992,,,,,member,YES,World,1,Europe,150,Southern Europe,39,Developed,,,,,,YES,REUregion,REUOtherAndEFTA,,RAProw,noRAP,,,RAFrow,noRAF,,,,,,,,,,,LACrow,noLAC,,RNErow,noRNE
193,214,ST,ST,STP,STP,678,268,678,member,Sao Tome and Principe,Sao Tome and Principe,the Democratic Republic of Sao Tome and Principe,,,,,1975,,,,,member,YES,World,1,Africa,2,Middle Africa,17,Developing,LeastDevelopedCountries,,SmallIslandDevelopingStates,,SubSaharanAfrica,,REUrow,noREU,,RAProw,noRAP,,YES,RAFregion,RAFCentralAfrica,,,RAFeccas,,,,,,,,LACrow,noLAC,,RNErow,noRNE
285,,,,,,680,,680,areas and territories,Sark,Sark,Sark,,,,,,,,,Dependency of Guernsey,areas and territories,YES,World,1,Europe,150,Northern Europe,154,Developed,,,,,,,REUrow,noREU,,RAProw,noRAP,,,RAFrow,noRAF,,,,,,,,,,,LACrow,noLAC,,RNErow,noRNE
194,215,SA,SA,SAU,SAU,682,566,682,member,Saudi Arabia,Saudi Arabia,the Kingdom of Saudi Arabia,,,,,1945,,,,,member,YES,World,1,Asia,142,Western Asia,145,Developing,,,,,AsiaDeveloping,,REUrow,noREU,,RAProw,noRAP,,,RAFrow,noRAF,,,,,,,,,,,LACrow,noLAC,YES,RNEregion,RNEgccsy
195,217,SN,SN,SEN,SEN,686,269,686,member,Senegal,Senegal,the Republic of Senegal,,,,,1960,,,,,member,YES,World,1,Africa,2,Western Africa,11,Developing,LeastDevelopedCountries,,,,SubSaharanAfrica,,REUrow,noREU,,RAProw,noRAP,,YES,RAFregion,RAFWestAfrica,,RAFecowas,,,,,,RAFuemoa,RAFcensad,,LACrow,noLAC,,RNErow,noRNE
272,2648,RS,RS,SRB,SRB,688,63,688,member,Serbia,Serbia,the Republic of Serbia,,,,,2006,,,,,member,YES,World,1,Europe,150,Southern Europe,39,Developed,,,,TransitionCountriesOfSouth-EasternEurope,,YES,REUregion,REUSouthEasternEurope,,RAProw,noRAP,,,RAFrow,noRAF,,,,,,,,,,,LACrow,noLAC,,RNErow,noRNE
186,,CS,CS,SCG,SCG,891,,,old,Serbia and Montenegro,Serbia and Montenegro,Serbia and Montenegro,,,,,1992,2005,,"Serbia,Montenegro",,old,NO,World,1,Europe,150,Southern Europe,39,Developed,,,,,,,,,,,,,,,,,,,,,,,,,,,,,,
196,220,SC,SC,SYC,SYC,690,270,690,member,Seychelles,Seychelles,the Republic of Seychelles,,,,,1976,,,,,member,YES,World,1,Africa,2,Eastern Africa,14,Developing,,,SmallIslandDevelopingStates,,SubSaharanAfrica,,REUrow,noREU,,RAProw,noRAP,,YES,RAFregion,RAFSouthernAfrica,RAFcomesa,,,RAFsadc,,,,,,,LACrow,noLAC,,RNErow,noRNE
197,221,SL,SL,SLE,SLE,694,272,694,member,Sierra Leone,Sierra Leone,the Republic of Sierra Leone,,,,,1961,,,,,member,YES,World,1,Africa,2,Western Africa,11,Developing,LeastDevelopedCountries,,,,SubSaharanAfrica,,REUrow,noREU,,RAProw,noRAP,,YES,RAFregion,RAFWestAfrica,,RAFecowas,,,,,,,RAFcensad,,LACrow,noLAC,,RNErow,noRNE
200,222,SG,SG,SGP,SGP,702,761,702,non member,Singapore,Singapore,the Republic of Singapore,,,,,1965,,,,,member,YES,World,1,Asia,142,South-Eastern Asia,35,Developing,,,SmallIslandDevelopingStates,,AsiaDeveloping,,REUrow,noREU,,RAProw,noRAP,,,RAFrow,noRAF,,,,,,,,,,,LACrow,noLAC,,RNErow,noRNE
280,,SX,SX,SXM,SXM,534,,534,areas and territories,Sint Maarten (Dutch Part),Sint Maarten (Dutch Part),Sint Maarten (Dutch Part),,,,,2010,,Netherlands Antilles,,Constituent country of the Kingdom of the Netherlands,areas and territories,YES,World,1,Americas,19,Caribbean,29,Developing,,,,,,,REUrow,noREU,,RAProw,noRAP,,,RAFrow,noRAF,,,,,,,,,,,LACrow,noLAC,,RNErow,noRNE
199,223,SK,SK,SVK,SVK,703,69,703,member,Slovakia,Slovakia,the Slovak Republic,Slovak Rep,,,,1993,,Czechoslovakia,,,member,YES,World,1,Europe,150,Eastern Europe,151,Developed,,,,,,YES,REUregion,REUCentralEasternEurope,,RAProw,noRAP,,,RAFrow,noRAF,,,,,,,,,,,LACrow,noLAC,,RNErow,noRNE
198,224,SI,SI,SVN,SVN,705,61,705,member,Slovenia,Slovenia,the Republic of Slovenia,,,,,1992,,Socialist Federal Republic of Yugoslavia,,,member,YES,World,1,Europe,150,Southern Europe,39,Developed,,,,,,YES,REUregion,REUCentralEasternEurope,,RAProw,noRAP,,,RAFrow,noRAF,,,,,,,,,,,LACrow,noLAC,,RNErow,noRNE
25,225,SB,SB,SLB,SLB,90,866,90,member,Solomon Islands,Solomon Islands,Solomon Islands,,,,,1978,,,,,member,YES,World,1,Oceania,9,Melanesia,54,Developing,LeastDevelopedCountries,,SmallIslandDevelopingStates,,OceaniaDeveloping,,REUrow,noREU,YES,RAPregion,RAPPacificIslands,RAPDeveloping,,RAFrow,noRAF,,,,,,,,,,,LACrow,noLAC,,RNErow,noRNE
201,226,SO,SO,SOM,SOM,706,273,706,member,Somalia,Somalia,the Somali Republic,,,,,1960,,,,,member,YES,World,1,Africa,2,Eastern Africa,14,Developing,LeastDevelopedCountries,,,,SubSaharanAfrica,,REUrow,noREU,,RAProw,noRAP,,YES,RAFregion,RAFEastAfrica,,,,,RAFigad,,,,RAFcensad,,LACrow,noLAC,,RNErow,noRNE
202,227,ZA,ZA,ZAF,ZAF,710,218,710,member,South Africa,South Africa,the Republic of South Africa,,,,,1945,,,,,member,YES,World,1,Africa,2,Southern Africa,18,Developing,,,,,SubSaharanAfrica,,REUrow,noREU,,RAProw,noRAP,,YES,RAFregion,RAFSouthernAfrica,,,,RAFsadc,,,,,,,LACrow,noLAC,,RNErow,noRNE
271,228,GS,GS,SGS,SGS,,,826,areas and territories,South Georgia and the South Sandwich Islands,South Georgia and Sandwich Islands,South Georgia and Sandwich Islands,,,,,,,,,United Kingdom overseas territory,areas and territories,NO,,,,,,,,,,,,,,,,,,,,,,,,,,,,,,,,,,,,,
277,,SS,SS,,SSD,728,,728,non member,South Sudan,South Sudan,the Republic of South Sudan,,,,,2011,,Sudan,,,member,YES,World,1,Africa,2,Northern Africa,15,Developing,,,,,SubSaharanAfrica,,REUrow,noREU,,RAProw,noRAP,,YES,RAFregion,RAFEastAfrica,RAFcomesa,,,,RAFigad,,,,RAFcensad,,LACrow,noLAC,YES,RNEregion,RNEome
228,,SU,SU,SUN,MON,810,,,old,Soviet Union,Union of Soviet Socialist Republic,Union of Soviet Socialist Republic,,,,,,1991,,Armenia+Azerbaijan+Belarus+Estonia+Georgia+Kazakistan+Kyrghisistan+Latvia+Lithuania+Republic of Moldova+Russian Federation+Tajikistan+Turkmenistan+Ukraine+Uzbekistan,,old,NO,World,1,Europe,150,Eastern Europe,151,,,,,,,,,,,,,,,,,,,,,,,,,,,,,,,
203,229,ES,ES,ESP,ESP,724,50,724,member,Spain,Spain,the Kingdom of Spain,,,,,1955,,,,,member,YES,World,1,Europe,150,Southern Europe,39,Developed,,,,,,YES,REUregion,REUOtherAndEFTA,,RAProw,noRAP,,,RAFrow,noRAF,,,,,,,,,,,LACrow,noLAC,,RNErow,noRNE
38,231,LK,LK,LKA,LKA,144,640,144,member,Sri Lanka,Sri Lanka,the Democratic Socialist Republic of Sri Lanka,,,,,1955,,,,,member,YES,World,1,Asia,142,Southern Asia,34,Developing,,,,,AsiaDeveloping,,REUrow,noREU,YES,RAPregion,RAPSouthSouthwestAsia,RAPDeveloping,,RAFrow,noRAF,,,,,,,,,,,LACrow,noLAC,,RNErow,noRNE
206,40764,SD,SD,SDN,SDN,736,278,736,old,Sudan (former),the Sudan,the Republic of the Sudan,Sudan,Sudan and South Sudan,,,1956,2010,,,,old,NO,World,1,Africa,2,Northern Africa,15,Developing,LeastDevelopedCountries,,,,SubSaharanAfrica,,,,,,,,YES,RAFregion,RAFEastAfrica,RAFcomesa,,,,RAFigad,,,,RAFcensad,,,,YES,RNEregion,RNEome
276,,SD,SD,SDN,SDN,729,,729,member,Sudan,the Sudan,the Republic of the Sudan,Sudan,,,,2011,,,,,member,YES,World,1,Africa,2,Northern Africa,15,Developing,LeastDevelopedCountries,,,,,,REUrow,noREU,,RAProw,noRAP,,YES,RAFrow,RAFNorthAfrica,RAFcomesa,,,,RAFigad,,,,RAFcensad,,LACrow,noLAC,YES,RNEregion,RNEome
207,233,SR,SR,SUR,SUR,740,457,740,member,Suriname,Suriname,the Republic of Suriname,,,,,1975,,,,,member,YES,World,1,Americas,19,South America,5,Developing,,,SmallIslandDevelopingStates,,,,REUrow,noREU,,RAProw,noRAP,,,RAFrow,noRAF,,,,,,,,,,YES,LACregion,LACSouthAmerica,,RNErow,noRNE
260,234,SJ,SJ,SJM,SJM,744,,744,areas and territories,Svalbard and Jan Mayen Islands,Svalbard and Jan Mayen Islands,Svalbard and Jan Mayen Islands,,,,,,,,,Administrated by Norway,areas and territories,YES,World,1,Europe,150,Northern Europe,154,Developed,,,,,,,REUrow,noREU,,RAProw,noRAP,,,RAFrow,noRAF,,,,,,,,,,,LACrow,noLAC,,RNErow,noRNE
209,235,SZ,SZ,SWZ,SWZ,748,280,748,member,Swaziland,Swaziland,the Kingdom of Swaziland,,,,,1968,,,,,member,YES,World,1,Africa,2,Southern Africa,18,Developing,,LandlockedDevelopingCountries,,,SubSaharanAfrica,,REUrow,noREU,,RAProw,noRAP,,YES,RAFregion,RAFSouthernAfrica,RAFcomesa,,,RAFsadc,,,,,,,LACrow,noLAC,,RNErow,noRNE
210,236,SE,SE,SWE,SWE,752,10,752,member,Sweden,Sweden,the Kingdom of Sweden,,,,,1946,,,,,member,YES,World,1,Europe,150,Northern Europe,154,Developed,,,,,,YES,REUregion,REUOtherAndEFTA,,RAProw,noRAP,,,RAFrow,noRAF,,,,,,,,,,,LACrow,noLAC,,RNErow,noRNE
211,237,CH,CH,CHE,CHE,756,11,756,member,Switzerland,Switzerland,the Swiss Confederation,,,,,2002,,,,,member,YES,World,1,Europe,150,Western Europe,155,Developed,,,,,,YES,REUregion,REUOtherAndEFTA,,RAProw,noRAP,,,RAFrow,noRAF,,,,,,,,,,,LACrow,noLAC,,RNErow,noRNE
212,238,SY,SY,SYR,SYR,760,573,760,member,Syrian Arab Republic,the Syrian Arab Republic,the Syrian Arab Republic,Syrian Arab Republic,Syria,,,1945,,,,,member,YES,World,1,Asia,142,Western Asia,145,Developing,,,,,AsiaDeveloping,,REUrow,noREU,,RAProw,noRAP,,,RAFrow,noRAF,,,,,,,,,,,LACrow,noLAC,YES,RNEregion,RNEome
214,,TW,TW,TWN,TWN,158,748,156,areas and territories,Taiwan Province of China,"Taiwan, Province of China","Taiwan, Province of China",Taiwan province of China,,,,,,,,Province of China,areas and territories,NO,World,1,Asia,142,Eastern Asia,30,Developing,,,,,AsiaDeveloping,,,,,RAPregion,RAPEastAsia,RAPDeveloping,,,,,,,,,,,,,,,,,,
208,239,TJ,TJ,TJK,TJK,762,615,762,member,Tajikistan,Tajikistan,the Republic of Tajikistan,,,,,1992,,Union of Soviet Socialist Republic,,,member,YES,World,1,Asia,142,Central Asia,143,Developing,,LandlockedDevelopingCountries,,CommonwealthOfIndependentStates,AsiaDeveloping,YES,REUregion,REUCentralAsia,,RAProw,noRAP,,,RAFrow,noRAF,,,,,,,,,,,LACrow,noLAC,,RNErow,noRNE
216,240,TH,TH,THA,THA,764,764,764,member,Thailand,Thailand,the Kingdom of Thailand,,,,,1946,,,,,member,YES,World,1,Asia,142,South-Eastern Asia,35,Developing,,,,,AsiaDeveloping,,REUrow,noREU,YES,RAPregion,RAPSoutheastAsia,RAPDeveloping,,RAFrow,noRAF,,,,,,,,,,,LACrow,noLAC,,RNErow,noRNE
154,241,MK,MK,MKD,MKD,807,66,807,member,The former Yugoslav Republic of Macedonia,The former Yugoslav Republic of Macedonia,The former Yugoslav Republic of Macedonia,"Macedonia, FYR",,,,1992,,Socialist Federal Republic of Yugoslavia,,,member,YES,World,1,Europe,150,Southern Europe,39,Developed,,LandlockedDevelopingCountries,,TransitionCountriesOfSouth-EasternEurope,,YES,REUregion,REUSouthEasternEurope,,RAProw,noRAP,,,RAFrow,noRAF,,,,,,,,,,,LACrow,noLAC,,RNErow,noRNE
176,242,TL,TL,TLS,TMP,626,765,626,member,Timor-Leste,Timor-Leste,the Democratic Republic of Timor-Leste,,,,,2002,,,,,member,YES,World,1,Asia,142,South-Eastern Asia,35,Developing,LeastDevelopedCountries,,SmallIslandDevelopingStates,,AsiaDeveloping,,REUrow,noREU,YES,RAPregion,RAPSoutheastAsia,RAPDeveloping,,RAFrow,noRAF,,,,,,,,,,,LACrow,noLAC,,RNErow,noRNE
217,243,TG,TG,TGO,TGO,768,283,768,member,Togo,Togo,the Togolese Republic,,,,,1960,,,,,member,YES,World,1,Africa,2,Western Africa,11,Developing,LeastDevelopedCountries,,,,SubSaharanAfrica,,REUrow,noREU,,RAProw,noRAP,,YES,RAFregion,RAFWestAfrica,,RAFecowas,,,,,,RAFuemoa,RAFcensad,,LACrow,noLAC,,RNErow,noRNE
218,244,TK,TK,TKL,TKL,772,868,772,associate member,Tokelau,Tokelau,Tokelau,,,,,,,,,New Zealand dependency,areas and territories,YES,World,1,Oceania,9,Polynesia,61,Developing,,,,,OceaniaDeveloping,,REUrow,noREU,,RAProw,noRAP,,,RAFrow,noRAF,,,,,,,,,,,LACrow,noLAC,,RNErow,noRNE
219,245,TO,TO,TON,TON,776,870,776,member,Tonga,Tonga,the Kingdom of Tonga,,,,,1999,,,,,member,YES,World,1,Oceania,9,Polynesia,61,Developing,,,SmallIslandDevelopingStates,,OceaniaDeveloping,,REUrow,noREU,YES,RAPregion,RAPPacificIslands,RAPDeveloping,,RAFrow,noRAF,,,,,,,,,,,LACrow,noLAC,,RNErow,noRNE
220,246,TT,TT,TTO,TTO,780,375,780,member,Trinidad and Tobago,Trinidad and Tobago,the Republic of Trinidad and Tobago,,,,,1962,,,,,member,YES,World,1,Americas,19,Caribbean,29,Developing,,,SmallIslandDevelopingStates,,,,REUrow,noREU,,RAProw,noRAP,,,RAFrow,noRAF,,,,,,,,,,YES,LACregion,LACCaribbean,,RNErow,noRNE
,247,,,,,,,250,areas and territories,Tromelin Island,Tromelin Island,Tromelin Island,,,,,,,,,Overseas territory of France but claimed by Seychelles and Mauritius,areas and territories,NO,,,,,,,,,,,,,,,,,,,,,,,,,,,,,,,,,,,,,
222,248,TN,TN,TUN,TUN,788,139,788,member,Tunisia,Tunisia,the Republic of Tunisia,,,,,1956,,,,,member,YES,World,1,Africa,2,Northern Africa,15,Developing,,,,,,,REUrow,noREU,,RAProw,noRAP,,YES,RAFrow,RAFNorthAfrica,,,,,,RAFuma,,,RAFcensad,,LACrow,noLAC,YES,RNEregion,RNEna
223,249,TR,TR,TUR,TUR,792,55,792,member,Turkey,Turkey,the Republic of Turkey,,,,,1945,,,,,member,YES,World,1,Asia,142,Western Asia,145,Developing,,,,,AsiaDeveloping,YES,REUregion,REUCaucAndTurkey,,RAProw,noRAP,,,RAFrow,noRAF,,,,,,,,,,,LACrow,noLAC,,RNErow,noRNE
213,250,TM,TM,TKM,TKM,795,616,795,member,Turkmenistan,Turkmenistan,Turkmenistan,,,,,1992,,Union of Soviet Socialist Republic,,,member,YES,World,1,Asia,142,Central Asia,143,Developing,,LandlockedDevelopingCountries,,CommonwealthOfIndependentStates,AsiaDeveloping,YES,REUregion,REUCentralAsia,,RAProw,noRAP,,,RAFrow,noRAF,,,,,,,,,,,LACrow,noLAC,,RNErow,noRNE
224,251,TC,TC,TCA,TCA,796,387,796,areas and territories,Turks and Caicos Islands,Turks and Caicos Islands,Turks and Caicos Islands,,,,,,,,,United Kingdom overseas territory,areas and territories,YES,World,1,Americas,19,Caribbean,29,Developing,,,,,,,REUrow,noREU,,RAProw,noRAP,,,RAFrow,noRAF,,,,,,,,,,,LACrow,noLAC,,RNErow,noRNE
227,252,TV,TV,TUV,TUV,798,872,798,member,Tuvalu,Tuvalu,Tuvalu,,,,,2000,,,,,member,YES,World,1,Oceania,9,Polynesia,61,Developing,LeastDevelopedCountries,,SmallIslandDevelopingStates,,OceaniaDeveloping,,REUrow,noREU,YES,RAPregion,RAPPacificIslands,RAPDeveloping,,RAFrow,noRAF,,,,,,,,,,,LACrow,noLAC,,RNErow,noRNE
226,253,UG,UG,UGA,UGA,800,285,800,member,Uganda,Uganda,the Republic of Uganda,,,,,1962,,,,,member,YES,World,1,Africa,2,Eastern Africa,14,Developing,LeastDevelopedCountries,LandlockedDevelopingCountries,,,SubSaharanAfrica,,REUrow,noREU,,RAProw,noRAP,,YES,RAFregion,RAFEastAfrica,RAFcomesa,,,,RAFigad,,,,,,LACrow,noLAC,,RNErow,noRNE
230,254,UA,UA,UKR,UKR,804,85,804,member,Ukraine,Ukraine,Ukraine,,,,,1992,,Union of Soviet Socialist Republic,,,member,YES,World,1,Europe,150,Eastern Europe,151,Developed,,,,,,YES,REUregion,REUCISeurope,,RAProw,noRAP,,,RAFrow,noRAF,,,,,,,,,,,LACrow,noLAC,,RNErow,noRNE
225,255,AE,AE,ARE,ARE,784,576,784,member,United Arab Emirates,the United Arab Emirates,the United Arab Emirates,United Arab Emirates,,,,1971,,,,,member,YES,World,1,Asia,142,Western Asia,145,Developing,,,,,AsiaDeveloping,,REUrow,noREU,,RAProw,noRAP,,,RAFrow,noRAF,,,,,,,,,,,LACrow,noLAC,YES,RNEregion,RNEgccsy
229,256,GB,GB,GBR,GBR,826,12,826,member,United Kingdom,the United Kingdom of Great Britain and Northern Ireland,the United Kingdom of Great Britain and Northern Ireland,United Kingdom of Great Britain and Northern Ireland,United Kingdom,,,1945,,,,,member,YES,World,1,Europe,150,Northern Europe,154,Developed,,,,,,YES,REUregion,REUOtherAndEFTA,,RAProw,noRAP,,,RAFrow,noRAF,,,,,,,,,,,LACrow,noLAC,,RNErow,noRNE
215,257,TZ,TZ,TZA,TZA,834,282,834,member,United Republic of Tanzania,the United Republic of Tanzania,the United Republic of Tanzania,United Republic of Tanzania,Tanzania,,,1961,,,,,member,YES,World,1,Africa,2,Eastern Africa,14,Developing,LeastDevelopedCountries,,,,SubSaharanAfrica,,REUrow,noREU,,RAProw,noRAP,,YES,RAFregion,RAFEastAfrica,,,,RAFsadc,,,,,,,LACrow,noLAC,,RNErow,noRNE
231,259,US,US,USA,USA,840,302,840,member,United States of America,the United States of America,the United States of America,United States,,,,1945,,,,,member,YES,World,1,Americas,19,Northern America,21,Developed,,,,,,,REUrow,noREU,,RAProw,noRAP,,,RAFrow,noRAF,,,,,,,,,,YES,LACregion,LACNorthAmerica,,RNErow,noRNE
240,258,VI,VI,VIR,VIR,850,,850,areas and territories,United States Virgin Islands,United States Virgin Islands,the United States Virgin Islands,United States Virgin Islands,,,,,,,,Unincorporated and territory of the United States,areas and territories,YES,World,1,Americas,19,Caribbean,29,Developing,,,SmallIslandDevelopingStates,,,,REUrow,noREU,,RAProw,noRAP,,,RAFrow,noRAF,,,,,,,,,,,LACrow,noLAC,,RNErow,noRNE
234,260,UY,UY,URY,URY,858,460,858,member,Uruguay,Uruguay,the Eastern Republic of Uruguay,,,,,1945,,,,,member,YES,World,1,Americas,19,South America,5,Developing,,,,,,,REUrow,noREU,,RAProw,noRAP,,,RAFrow,noRAF,,,,,,,,,,YES,LACregion,LACSouthAmerica,,RNErow,noRNE
232,-1,PU,PU,PUS,PUS,,,840,areas and territories,US Minor Is.,US Minor Is.,US Minor Is.,,,,,,,,,Administrated by United States,areas and territories,NO,,,,,,,,,,,,,,,,,,,,,,,,,,,,,,,,,,,,,
235,261,UZ,UZ,UZB,UZB,860,617,860,member,Uzbekistan,Uzbekistan,the Republic of Uzbekistan,,,,,1992,,Union of Soviet Socialist Republic,,,member,YES,World,1,Asia,142,Central Asia,143,Developing,,LandlockedDevelopingCountries,,CommonwealthOfIndependentStates,AsiaDeveloping,YES,REUregion,REUCentralAsia,YES,RAPregion,RAPCentralAsia,RAPDeveloping,,RAFrow,noRAF,,,,,,,,,,,LACrow,noLAC,,RNErow,noRNE
155,262,VU,VU,VUT,VUT,548,854,548,member,Vanuatu,Vanuatu,the Republic of Vanuatu,,,,,1981,,,,,member,YES,World,1,Oceania,9,Melanesia,54,Developing,LeastDevelopedCountries,,SmallIslandDevelopingStates,,OceaniaDeveloping,,REUrow,noREU,YES,RAPregion,RAPPacificIslands,RAPDeveloping,,RAFrow,noRAF,,,,,,,,,,,LACrow,noLAC,,RNErow,noRNE
236,263,VE,VE,VEN,VEN,862,463,862,member,Venezuela (Bolivarian Republic of),Venezuela (Bolivarian Republic of),the Bolivarian Republic of Venezuela,Venezuela,"Venezuela, RB",,,1945,,,,,member,YES,World,1,Americas,19,South America,5,Developing,,,,,,,REUrow,noREU,,RAProw,noRAP,,,RAFrow,noRAF,,,,,,,,,,YES,LACregion,LACSouthAmerica,,RNErow,noRNE
237,264,VN,VN,VNM,VNM,704,769,704,member,Viet Nam,Viet Nam,the Socialist Republic of Viet Nam,Vietnam,,,,1977,,,,,member,YES,World,1,Asia,142,South-Eastern Asia,35,Developing,,,,,AsiaDeveloping,,REUrow,noREU,YES,RAPregion,RAPSoutheastAsia,RAPDeveloping,,RAFrow,noRAF,,,,,,,,,,,LACrow,noLAC,,RNErow,noRNE
242,265,WK,WK,WAK,WAK,,,840,areas and territories,Wake Island,Wake Island,Wake Island,,,,,,,,,Uninhabited possession of the United States,areas and territories,NO,,,,,,,,,,,,,,,,,,,,,,,,,,,,,,,,,,,,,
243,266,WF,WF,WLF,WLF,876,876,876,areas and territories,Wallis and Futuna Islands,Wallis and Futuna Islands,Wallis and Futuna Islands,,,,,,,,,French overseas territory,areas and territories,YES,World,1,Oceania,9,Polynesia,61,Developing,,,,,OceaniaDeveloping,,REUrow,noREU,,RAProw,noRAP,,,RAFrow,noRAF,,,,,,,,,,,LACrow,noLAC,,RNErow,noRNE
245,267, , , , ,,550,275,areas and territories,West Bank,the West Bank,The West Bank,West Bank,,,,,,,,don't know how to behave,areas and territories,NO,World,1,Asia,142,Western Asia,145,Developing,,,,,AsiaDeveloping,,,,,,,,,,,,,,,,,,,,,,,,,
205,268,EH,EH,ESH,ESH,732,,732,areas and territories,Western Sahara,Western Sahara,Western Sahara,,,,,,,,,don't know how to behave,areas and territories,YES,World,1,Africa,2,Northern Africa,15,Developing,,,,,,,REUrow,noREU,,RAProw,noRAP,,,RAFrow,noRAF,,,,,,,,,,,LACrow,noLAC,,RNErow,noRNE
249,269,YE,YE,YEM,YEM,887,580,887,member,Yemen,Yemen,the Republic of Yemen,"Yemen, Rep.",,,,1990,,Yemen,"Yemen,Democratic Yemen",,member,YES,World,1,Asia,142,Western Asia,145,Developing,LeastDevelopedCountries,,,,AsiaDeveloping,,REUrow,noREU,,RAProw,noRAP,,,RAFrow,noRAF,,,,,,,,,,,LACrow,noLAC,YES,RNEregion,RNEgccsy
247,,,,,,720,,,old,Yemen (former),Democratic Yemen,Democratic Yemen,,,,,,1989,,,,old,NO,World,1,Asia,142,Western Asia,145,Developing,LeastDevelopedCountries,,,,AsiaDeveloping,,,,,,,,,,,,,,,,,,,,,,,,,
246,,,,,,886,,,old,Yemen (old),Yemen (old),Yemen (old),,,,,1947,1989,,,,old,NO,World,1,Asia,142,Western Asia,145,Developing,LeastDevelopedCountries,,,,AsiaDeveloping,,,,,,,,,,,,,,,,,,,,,,,,,
248,,YU,YU,YUG,YUG,890,,,old,Yugoslav SFR,Yugoslav SFR,Yugoslav SFR,,,,,,1991,,Serbia and Montenegro+Bosnia and Herzegovina+Croatia+Slovenia+Macedonia,,old,NO,World,1,Europe,150,Southern Europe,39,Developed,,,,,,,,,,,,,,,,,,,,,,,,,,,,,,
251,270,ZM,ZM,ZMB,ZMB,894,288,894,member,Zambia,Zambia,the Republic of Zambia,,,,,1964,,,,,member,YES,World,1,Africa,2,Eastern Africa,14,Developing,LeastDevelopedCountries,LandlockedDevelopingCountries,,,SubSaharanAfrica,,REUrow,noREU,,RAProw,noRAP,,YES,RAFregion,RAFSouthernAfrica,RAFcomesa,,,RAFsadc,,,,,,,LACrow,noLAC,,RNErow,noRNE
3698,,,,EAZ,EAZ,835,,834,areas and territories,Zanzibar,Zanzibar,Zanzibar,,,,,,,,,Tanzania,areas and territories,NO,World,1,Africa,2,Eastern Africa,14,Developing,LeastDevelopedCountries,,,,,,,,,,,,,,,,,,,,,,,,,,,,,
181,271,ZW,ZW,ZWE,ZWE,716,265,716,member,Zimbabwe,Zimbabwe,the Republic of Zimbabwe,,,,,1980,,,,,member,YES,World,1,Africa,2,Eastern Africa,14,Developing,,LandlockedDevelopingCountries,,,SubSaharanAfrica,,REUrow,noREU,,RAProw,noRAP,,YES,RAFregion,RAFSouthernAfrica,RAFcomesa,,,RAFsadc,,,,,,,LACrow,noLAC,,RNErow,noRNE
